name,price,num_reviews,per_cnt_price,url
"Disposable Face Mask, Breathable Masks (Pack of 50)",28.99,151,($0.58/Count),https://amazon.com//gp/slredirect/picassoRedirect.html/ref=pa_sp_atf_aps_sr_pg1_1?ie=UTF8&adId=A00897123VBVNB8BN425U&url=%2FDisposable-Face-Mask-Breathable-Masks%2Fdp%2FB089HW9VSV%2Fref%3Dsr_1_1_sspa%3Fdchild%3D1%26keywords%3DMasks%26qid%3D1594605010%26sr%3D8-1-spons%26psc%3D1&qualifier=1594605010&id=8087021197311779&widgetName=sp_atf
"Face Masks, 50 Units/Box",29.99,4,-,https://amazon.com//gp/slredirect/picassoRedirect.html/ref=pa_sp_atf_aps_sr_pg1_1?ie=UTF8&adId=A07383922UB4GECVH78OY&url=%2FFace-Masks-50-Units-Box%2Fdp%2FB089YWSLKB%2Fref%3Dsr_1_2_sspa%3Fdchild%3D1%26keywords%3DMasks%26qid%3D1594605010%26sr%3D8-2-spons%26psc%3D1&qualifier=1594605010&id=8087021197311779&widgetName=sp_atf
Face Masks - 50 Pack - Comfortable to wear,34.99,3,($0.70/Count),https://amazon.com//gp/slredirect/picassoRedirect.html/ref=pa_sp_atf_aps_sr_pg1_1?ie=UTF8&adId=A00136492CGEB58GVPTVX&url=%2FFace-Masks-Pack-Comfortable-wear%2Fdp%2FB089GV9LTX%2Fref%3Dsr_1_3_sspa%3Fdchild%3D1%26keywords%3DMasks%26qid%3D1594605010%26sr%3D8-3-spons%26psc%3D1&qualifier=1594605010&id=8087021197311779&widgetName=sp_atf
Personal Outdoor Face Mouth Masks - 50 Pack/Box,33.99,4,-,https://amazon.com//gp/slredirect/picassoRedirect.html/ref=pa_sp_atf_aps_sr_pg1_1?ie=UTF8&adId=A09206751C84QLN0806CY&url=%2FPersonal-Outdoor-Face-Mouth-Masks%2Fdp%2FB089LQT6X3%2Fref%3Dsr_1_4_sspa%3Fdchild%3D1%26keywords%3DMasks%26qid%3D1594605010%26sr%3D8-4-spons%26psc%3D1&qualifier=1594605010&id=8087021197311779&widgetName=sp_atf
Purism KN95 (20 Masks per Box),40.00,7,-,https://amazon.com//Purism-KN95-20-Masks-Box/dp/B085BNBZDR/ref=sr_1_5?dchild=1&keywords=Masks&qid=1594605010&sr=8-5
"KN95 Face Mask, Pack of 5",20.00,13,($4.00/Item),https://amazon.com//KN95-Face-Mask-Pack-5/dp/B086JBZXPT/ref=sr_1_6?dchild=1&keywords=Masks&qid=1594605010&sr=8-6
"SupplyAID RRS-KN95-5PK KN95 Mask, Protection Against PM2.5 Dust. Pollen and Haze-Proof, 5 Pack",17.98,64,($3.60/Count),https://amazon.com//SupplyAID-RRS-KN95-5PK-Protection-Against-Haze-Proof/dp/B086JD7TKZ/ref=sr_1_7?dchild=1&keywords=Masks&qid=1594605010&sr=8-7
"KN95 Face Mask, Pack of 10",35.55,2,($3.56/Item),https://amazon.com//KN95-Face-Mask-Pack-10/dp/B086JTS3D8/ref=sr_1_8?dchild=1&keywords=Masks&qid=1594605010&sr=8-8
"Feradyne KN95 Mask PPE5012 GB 2626-2006, pack of 10 mask",31.27,0,($3.13/Item),https://amazon.com//Feradyne-KN95-Mask-PPE5012-2626-2006/dp/B086R883Q8/ref=sr_1_9?dchild=1&keywords=Masks&qid=1594605010&sr=8-9
"KN95 Face Mask, GB2626-2006, Pack of 20",62.99,37,($3.15/Item),https://amazon.com//KN95-Face-Mask-GB2626-2006-Pack/dp/B087RJ9JCF/ref=sr_1_10?dchild=1&keywords=Masks&qid=1594605010&sr=8-10
"KN95 Mask - Non-NIOSH Approved Respirator, pack of 50",132.15,1,($2.64/Item),https://amazon.com//M%C3%A1scara-KN95-Respirador-aprobado-paquete/dp/B086W7BKZZ/ref=sr_1_11?dchild=1&keywords=Masks&qid=1594605010&sr=8-11
Kids Single Use Disposable Face Mask (Pack of 50),30.37,19,-,https://amazon.com//Kids-Single-Disposable-Face-Solid/dp/B087Z8GB88/ref=sr_1_12?dchild=1&keywords=Masks&qid=1594605010&sr=8-12
"Wembley Unisex Laboratory-Tested Adjustable and Washable Silver Linings Face Mask with 10- Replaceable Filters, Beige, One Size",19.99,14,-,https://amazon.com//Wembley-Laboratory-Tested-Adjustable-Washable-Replaceable/dp/B0892SKYXV/ref=sr_1_13?dchild=1&keywords=Masks&qid=1594605010&sr=8-13
"Face Mask, Pack of 50",29.99,"12,189",($0.60/Item),https://amazon.com//Face-Mask-Pack-of-50/dp/B086KMYNSS/ref=sr_1_14?dchild=1&keywords=Masks&qid=1594605010&sr=8-14
Modenna Face Mask Disposable Blue 50Pcs,19.99,"3,472",($0.40/Count),https://amazon.com//Modenna-Face-Mask-Disposable-50Pcs/dp/B086HKN7SS/ref=sr_1_15?dchild=1&keywords=Masks&qid=1594605010&sr=8-15
"5 Pack Fashion Protective, Reusable Cotton Fabric, Unisex Black Cotton, Washable",23.80,638,($4.76/Count),https://amazon.com//Fashion-Protective-Reusable-Cotton-Washable/dp/B087LXGQW6/ref=sr_1_16?dchild=1&keywords=Masks&qid=1594605010&sr=8-16
"Disposable Masks, AXHKIO Disposable Breathable 3 Ply Mask, with Elastic Earloops (50 Pcs)",25.99,37,($0.52/Count),https://amazon.com//Disposable-AXHKIO-Breathable-Elastic-Earloops/dp/B0897QFZ1R/ref=sr_1_17?dchild=1&keywords=Masks&qid=1594605010&sr=8-17
"Face Mask, Pack of 50",29.99,"2,180",($0.60/Item),https://amazon.com//Face-Mask-Pack-of-50/dp/B086JBF8F3/ref=sr_1_18?dchild=1&keywords=Masks&qid=1594605010&sr=8-18
Bigox Face Mask Disposable Earloop Blue 50Pcs,19.99,772,($0.40/Count),https://amazon.com//Bigox-Face-Disposable-Earloop-50Pcs/dp/B087RRWGJB/ref=sr_1_19?dchild=1&keywords=Masks&qid=1594605010&sr=8-19
iHeartRaves Seamless Face Cover Mouth Mask Scarf Bandanas Neck Gaiter - Dust & UV Sun-Protection for Festivals and Outdoors,12.95,162,-,https://amazon.com//iHeartRaves-M%C3%A1scara-costuras-protecci%C3%B3n-festivales/dp/B07B6963P6/ref=sr_1_20?dchild=1&keywords=Masks&qid=1594605010&sr=8-20
"5 Pack Fashion Protective, Unisex Black Dust Cotton, Washable, Reusable Cotton Fabric",21.99,179,($4.40/Count),https://amazon.com//gp/slredirect/picassoRedirect.html/ref=pa_sp_mtf_aps_sr_pg1_1?ie=UTF8&adId=A01669891PZM671RW95FV&url=%2FFashion-Protective-Unisex-Washable-Reusable%2Fdp%2FB089R31T4K%2Fref%3Dsr_1_21_sspa%3Fdchild%3D1%26keywords%3DMasks%26qid%3D1594605010%26sr%3D8-21-spons%26psc%3D1%26smid%3DA1YUY7TPUWYUBD&qualifier=1594605010&id=8087021197311779&widgetName=sp_mtf
"Face Masks, Pack of 50, Comfortable to wear, Adult",27.99,3,($0.56/Count),https://amazon.com//gp/slredirect/picassoRedirect.html/ref=pa_sp_mtf_aps_sr_pg1_1?ie=UTF8&adId=A08186131EI4O72HARKGZ&url=%2FFace-Masks-Pack-Comfortable-Adult%2Fdp%2FB08BF78VR3%2Fref%3Dsr_1_22_sspa%3Fdchild%3D1%26keywords%3DMasks%26qid%3D1594605010%26sr%3D8-22-spons%26psc%3D1&qualifier=1594605010&id=8087021197311779&widgetName=sp_mtf
"Face Mask Disposable Masks 100 pieces With 10 Bonus Wipes - Breathable, 3-Ply, Non-Medical bulk Masks (100 pack)",37.99,0,($0.38/Count),https://amazon.com//gp/slredirect/picassoRedirect.html/ref=pa_sp_mtf_aps_sr_pg1_1?ie=UTF8&adId=A04228713OIJ56VWN8S1&url=%2FDisposable-Masks-pieces-Bonus-Wipes%2Fdp%2FB08C6CQP28%2Fref%3Dsr_1_23_sspa%3Fdchild%3D1%26keywords%3DMasks%26qid%3D1594605010%26sr%3D8-23-spons%26psc%3D1&qualifier=1594605010&id=8087021197311779&widgetName=sp_mtf
"5 Pack Fashion Protective, Unisex Black Dust Cotton, Reusable Cotton Fabric",22.99,2,-,https://amazon.com//gp/slredirect/picassoRedirect.html/ref=pa_sp_mtf_aps_sr_pg1_1?ie=UTF8&adId=A05359333IIPNYA16YJZ1&url=%2FFashion-Protective-Unisex-Cotton-Reusable%2Fdp%2FB089SNTQPH%2Fref%3Dsr_1_24_sspa%3Fdchild%3D1%26keywords%3DMasks%26qid%3D1594605010%26sr%3D8-24-spons%26psc%3D1&qualifier=1594605010&id=8087021197311779&widgetName=sp_mtf
"5 Pack Fashion Protective, Unisex Black Dust Cotton, Reusable Cotton Fabric",19.88,379,($3.98/Count),https://amazon.com//Fashion-Protective-Unisex-Cotton-Reusable/dp/B088K63VYJ/ref=sr_1_25?dchild=1&keywords=Masks&qid=1594605010&sr=8-25
"3ply Disposable Face Mask, 50 Count",29.99,252,($0.60/Count),https://amazon.com//3ply-Disposable-Face-Mask-Count/dp/B08852WYM2/ref=sr_1_26?dchild=1&keywords=Masks&qid=1594605010&sr=8-26
"Disposable Face Mask, Pack of 50, New Packaging",29.99,170,($0.60/Item),https://amazon.com//Mascarilla-facial-50-unidades/dp/B088GKG1RN/ref=sr_1_27?dchild=1&keywords=Masks&qid=1594605010&sr=8-27
"Face Mask, Pack of 50",29.99,526,($0.60/Item),https://amazon.com//Face-Mask-Pack-of-50/dp/B086RP7G38/ref=sr_1_28?dchild=1&keywords=Masks&qid=1594605010&sr=8-28
50 Pcs Disposable Face Masks 3 Ply Protection Safety Mask for Dust Air Pollution Personal Protective Mouth Cover for Facial Prevention Earloop Masks Bulk Blue Indoor and Outdoor Use,25.99,564,($0.52/Count),https://amazon.com//Disposable-Protection-Pollution-Protective-Prevention/dp/B086HMXMH9/ref=sr_1_29?dchild=1&keywords=Masks&qid=1594605010&sr=8-29
"50pcs Disposable Face Mask, Facial Masks, Mouth Masks 3-Ply with Elastic Earloops, Breathable Non-woven Mouth Filter Covers for Home, Office, Outdoor - Blue",22.98,254,-,https://amazon.com//mask50/dp/B087YVJXNL/ref=sr_1_30?dchild=1&keywords=Masks&qid=1594605010&sr=8-30
"Single Use Disposable Face Mask (Pack of 50), Blue",29.99,884,($0.60/Item),https://amazon.com//Single-Disposable-Face-Mask-Pack/dp/B086T638CS/ref=sr_1_31?dchild=1&keywords=Masks&qid=1594605010&sr=8-31
Reusable Cotton Face Mask (Pack of 50),30.99,"1,303",-,https://amazon.com//Reusable-Cotton-Face-Mask-Pack/dp/B086WC1LDD/ref=sr_1_32?dchild=1&keywords=Masks&qid=1594605010&sr=8-32
INTO THE AM Seamless Face Cover Mouth Mask Scarf Bandanas Neck Gaiter - Dust & UV Sun-Protection for Festivals and Outdoors,12.95,244,-,https://amazon.com//INTO-AM-Matter-Seamless-Bandana/dp/B07B67XGS7/ref=sr_1_33?dchild=1&keywords=Masks&qid=1594605010&sr=8-33
"MSAAEX Disposable Face Mask for Air Pollution, Dustproof Mouth Cover, 3-ply Safety Mask (50)",19.88,231,($0.40/Count),https://amazon.com//MSAAEX-Disposable-Pollution-Dustproof-Safety/dp/B087X9RZTD/ref=sr_1_34?dchild=1&keywords=Masks&qid=1594605010&sr=8-34
Disposable Face Mask - Pack of 50 - Blue,28.65,427,($0.57/Item),https://amazon.com//M%C3%A1scara-facial-desechable-unidades-color/dp/B086MPXGKJ/ref=sr_1_35?dchild=1&keywords=Masks&qid=1594605010&sr=8-35
Gildan Reusable Adult Tie-On Triple Layer Mask (Pack of 48),39.99,281,-,https://amazon.com//Gildan-Reusable-Adult-Triple-Layer/dp/B086QS2YHF/ref=sr_1_36?dchild=1&keywords=Masks&qid=1594605010&sr=8-36
Unisex Washable and Reusable Cotton Warm Face Protection for Outdoor,12.99,292,($6.50/Count),https://amazon.com//Unisex-Washable-Reusable-Protection-Outdoor/dp/B088FVJTXG/ref=sr_1_37?dchild=1&keywords=Masks&qid=1594605010&sr=8-37
Quality Durables Adults and Kids 4-Pack Reusable Face Covering,18.00,396,-,https://amazon.com//Quality-Durables-Reusable-Covering-Heather/dp/B088BWP7VH/ref=sr_1_38?dchild=1&keywords=Masks&qid=1594605010&sr=8-38
"TomrickCare Face Masks, 3-Ply Breathable Masks 5 sets of 10 per Box,  Comfortable Earloops(50 Pack)",27.31,129,($0.55/Count),https://amazon.com//TomrickCare-Masks-Breathable-Comfortable-Earloops/dp/B0892T3YLS/ref=sr_1_39?dchild=1&keywords=Masks&qid=1594605010&sr=8-39
"Disposable Face Mask, Pack of 50",29.99,210,($0.60/Item),https://amazon.com//Disposable-Face-Mask-Pack-50/dp/B0877TJL3M/ref=sr_1_40?dchild=1&keywords=Masks&qid=1594605010&sr=8-40
"Disposable Face Mask, ESOLOM 3-Ply Facial Cover Masks with Ear Loop, Breathable Non-Woven Mouth Cover for Personal, Suitable for Home, Office, Outdoor- 50 PCS",24.99,386,($0.50/Count),https://amazon.com//Disposable-ESOLOM-Breathable-Non-Woven-Personal/dp/B086QLH269/ref=sr_1_41?dchild=1&keywords=Masks&qid=1594605010&sr=8-41
"Fruit of the Loom Reusable Cotton Face Mask (Packs of 50, 100, and 250)",53.75,103,-,https://amazon.com//Fruit-Loom-Reusable-Cotton-Face-Mask/dp/B086ZHZY6T/ref=sr_1_42?dchild=1&keywords=Masks&qid=1594605010&sr=8-42
ZUBREX Disposable 3 Ply Safety Face Mask for Protection - with Nanofiber Filter Lining - and Elastic Earloops - 50 Pcs (Blue),29.99,446,More Buying Choices,https://amazon.com//ZUBREX-Disposable-Safety-Face-Protection/dp/B088BY7YPX/ref=sr_1_43?dchild=1&keywords=Masks&qid=1594605010&sr=8-43
SUNCOO Disposable Face Mask Dust Particle 3-Layer Design Mask with Earloops - 50 Pack,23.99,"1,006",More Buying Choices,https://amazon.com//SUNCOO-Disposable-Particle-3-Layer-Earloops/dp/B0868YY9MW/ref=sr_1_44?dchild=1&keywords=Masks&qid=1594605010&sr=8-44
"Sfavereak 50pcs Disposable Face Mask 3 Layers Safety Masks With Elastic Ear Loop Comfortable for Blocking Dust Air Pollution Protection, 1count",19.99,423,More Buying Choices,https://amazon.com//Sfavereak-Disposable-Comfortable-Pollution-Protection/dp/B08725VTGK/ref=sr_1_45?dchild=1&keywords=Masks&qid=1594605010&sr=8-45
"Levi's Men's 100% Cotton Multi-Purpose Bandana Gift Sets – Headband, Wrap, Protective Coverage",15.85,"3,099",-,https://amazon.com//Levis-Bandanas-Gift-White-Black/dp/B0765YZMZ6/ref=sr_1_46?dchild=1&keywords=Masks&qid=1594605010&sr=8-46
3pcs/Pack Dust Masks Breathable Reusable for Outdoor Sport Half Face Earloop Masks Dust Pollen Cotton Black Masks (Black),14.99,218,($5.00/Count),https://amazon.com//Breathable-Reusable-Outdoor-Earloop-Pollen/dp/B086R5TCNK/ref=sr_1_47?dchild=1&keywords=Masks&qid=1594605010&sr=8-47
"Face Mask, Eventronic Face Mask Cover, Disposable Mask, Comfortable and Breathable.(50 PCS, Blue)",19.99,213,More Buying Choices,https://amazon.com//Eventronic-Cover-Disposable-Comfortable-Breathable/dp/B086BL73FP/ref=sr_1_48?dchild=1&keywords=Masks&qid=1594605010&sr=8-48
"CKW 3 Ply Disposable Protective Mask, 50 Masks in Box, Blue, 19x10x8.8cm",28.90,599,($0.58/Count),https://amazon.com//CKW-Disposable-Protective-Masks-19x10x8-8cm/dp/B086Y21B7Z/ref=sr_1_49?dchild=1&keywords=Masks&qid=1594605010&sr=8-49
TODOLOR Face Mask 3-Layer Protective Earloop Blue 50Pcs,19.99,167,($0.40/Count),https://amazon.com//TODOLOR-3-Layer-Protective-Earloop-50Pcs/dp/B087Z5BD9H/ref=sr_1_50?dchild=1&keywords=Masks&qid=1594605010&sr=8-50
Reusable Face Cover (Pack of 3),16.04,743,($5.35/Item),https://amazon.com//Reusable-Face-Cover-Pack-3/dp/B086ZMN1N3/ref=sr_1_51?dchild=1&keywords=Masks&qid=1594605010&sr=8-51
"Tart Collections Reversible and Adjustable Face Mask, Comfortable, Soft Elastic Ear Loops, Washable and Reusable, Unisex, 95% Poly / 5% Spandex, Black/White Dot",9.99,6,-,https://amazon.com//Tart-Collections-Reversible-Adjustable-Comfortable/dp/B08972D7W9/ref=sr_1_52?dchild=1&keywords=Masks&qid=1594605010&sr=8-52
Fashion Mouth Protection Unisex Washable and Reusable Cotton Warm Face Protection with Adjustable Bridge Design (3-Pack Black),15.69,"1,549",($5.23/Count),https://amazon.com//Fashion-Protection-Washable-Reusable-Adjustable/dp/B0855PDTYG/ref=sr_1_53?dchild=1&keywords=Masks&qid=1594605010&sr=8-53
"Dust mask with Filter,Sports Face Mask, 4 Filters and 2 Valves Included,Men's and Women's Universal Masks,Suitable for Woodworking, Outdoor Activities",25.99,19,($30.94/100 g),https://amazon.com//Included-Universal-Suitable-Woodworking-Activities/dp/B08738MMY9/ref=sr_1_54?dchild=1&keywords=Masks&qid=1594605010&sr=8-54
"Disposable Face Masks, 3 Layers Breathable and Comfortable Elastic Ear Loop, Pack of 50 PCS",29.99,213,($0.60/Count),https://amazon.com//Disposable-Layers-Breathable-Comfortable-Elastic/dp/B088M6YFDJ/ref=sr_1_55?dchild=1&keywords=Masks&qid=1594605010&sr=8-55
"5 Pcs Unisex Black Dust Cotton, Washable, Reusable Cotton Fabric",19.98,81,($4.00/Count),https://amazon.com//Unisex-Cotton-Washable-Reusable-Fabric/dp/B0882S61Y9/ref=sr_1_56?dchild=1&keywords=Masks&qid=1594605010&sr=8-56
"Pure Cotton Reusable Face Mask - Protective Fabric Face Cover 3 Piece Set, Washable & Breathable Mouth Mask (Black,White,Blue)",11.99,56,($4.00/Count),https://amazon.com//gp/slredirect/picassoRedirect.html/ref=pa_sp_btf_aps_sr_pg1_1?ie=UTF8&adId=A1024196200P6GEZBRL6W&url=%2FPure-Cotton-Reusable-Face-Mask%2Fdp%2FB088THXCXJ%2Fref%3Dsr_1_57_sspa%3Fdchild%3D1%26keywords%3DMasks%26qid%3D1594605010%26sr%3D8-57-spons%26psc%3D1&qualifier=1594605010&id=8087021197311779&widgetName=sp_btf
"3 PCS Washable Reusable 2 Layers Breathable Face Madks Facial M_ask C-over, BGB",22.99,7,-,https://amazon.com//gp/slredirect/picassoRedirect.html/ref=pa_sp_btf_aps_sr_pg1_1?ie=UTF8&adId=A02905611ZYA5V0JFK34E&url=%2FWashable-Reusable-Layers-Breathable-Facial%2Fdp%2FB089GQT2GN%2Fref%3Dsr_1_58_sspa%3Fdchild%3D1%26keywords%3DMasks%26qid%3D1594605010%26sr%3D8-58-spons%26psc%3D1&qualifier=1594605010&id=8087021197311779&widgetName=sp_btf
3-Layer Protection Face Masks(50 Pieces/Box),29.99,3,-,https://amazon.com//gp/slredirect/picassoRedirect.html/ref=pa_sp_btf_aps_sr_pg1_1?ie=UTF8&adId=A10118331EGHUWQO7S1JK&url=%2F3-Layer-Protection-Face-Masks-Pieces%2Fdp%2FB089YVFRXW%2Fref%3Dsr_1_59_sspa%3Fdchild%3D1%26keywords%3DMasks%26qid%3D1594605010%26sr%3D8-59-spons%26psc%3D1&qualifier=1594605010&id=8087021197311779&widgetName=sp_btf
"Face Masks, 50 Pack, Comfortable to Wear",29.98,13,($0.60/Count),https://amazon.com//gp/slredirect/picassoRedirect.html/ref=pa_sp_btf_aps_sr_pg1_1?ie=UTF8&adId=A07924297P25AD40OZ7C&url=%2FFace-Masks-Pack-Comfortable-Wear%2Fdp%2FB0894R6TB6%2Fref%3Dsr_1_60_sspa%3Fdchild%3D1%26keywords%3DMasks%26qid%3D1594605010%26sr%3D8-60-spons%26psc%3D1&qualifier=1594605010&id=8087021197311779&widgetName=sp_btf
"Face Masks, Pack of 50",24.99,4,-,https://amazon.com//gp/slredirect/picassoRedirect.html/ref=pa_sp_atf_next_aps_sr_pg2_1?ie=UTF8&adId=A033729131FVC1QTU93D8&url=%2FFace-Masks-Pack-of-50%2Fdp%2FB089YW82BX%2Fref%3Dsr_1_49_sspa%3Fdchild%3D1%26keywords%3DMasks%26qid%3D1594605010%26sr%3D8-49-spons%26psc%3D1&qualifier=1594605015&id=8452762377862746&widgetName=sp_atf_next
"Designer Cotton Reusable Face Mask - Protective Fabric Face Cover Piece Set, Washable & Breathable Mouth Mask (4)",22.99,0,($5.75/Item),https://amazon.com//gp/slredirect/picassoRedirect.html/ref=pa_sp_atf_next_aps_sr_pg2_1?ie=UTF8&adId=A01977693TMZCVWOA9CZJ&url=%2FDesigner-Cotton-Reusable-Face-Mask%2Fdp%2FB08BJFZMPP%2Fref%3Dsr_1_50_sspa%3Fdchild%3D1%26keywords%3DMasks%26qid%3D1594605010%26sr%3D8-50-spons%26psc%3D1&qualifier=1594605015&id=8452762377862746&widgetName=sp_atf_next
"Disposable Face Mask, ESOLOM 3-Ply Facial Cover Masks with Ear Loop, Breathable Non-Woven Mouth Cover for Personal, Suitable for Home, Office, Outdoor- 50 PCS",24.99,386,($0.50/Count),https://amazon.com//gp/slredirect/picassoRedirect.html/ref=pa_sp_atf_next_aps_sr_pg2_1?ie=UTF8&adId=A0904854ULFH0MJ7TEH7&url=%2FDisposable-ESOLOM-Breathable-Non-Woven-Personal%2Fdp%2FB086QLH269%2Fref%3Dsr_1_51_sspa%3Fdchild%3D1%26keywords%3DMasks%26qid%3D1594605010%26sr%3D8-51-spons%26psc%3D1&qualifier=1594605015&id=8452762377862746&widgetName=sp_atf_next
"MAGID Disposable Face Masks with Soft Elastic Earloops & an Adjustable Nose Clip, Triple-Layer (3-Ply) Construction, Non-Woven Material, Blue (50 Masks)",23.00,56,($0.46/Piece),https://amazon.com//gp/slredirect/picassoRedirect.html/ref=pa_sp_atf_next_aps_sr_pg2_1?ie=UTF8&adId=A03098012AHOIJNJYD9ZZ&url=%2FDisposable-Adjustable-Triple-Layer-Construction-Non-Woven%2Fdp%2FB0891JHCTB%2Fref%3Dsr_1_52_sspa%3Fdchild%3D1%26keywords%3DMasks%26qid%3D1594605010%26sr%3D8-52-spons%26psc%3D1&qualifier=1594605015&id=8452762377862746&widgetName=sp_atf_next
Wecolor 100 Pack 3 Ply Disposable Face Masks (Blue),42.99,"1,963",($42.99/Count),https://amazon.com//Disposable-Hypoallergenic-Breathability-Comfort-Great-Allergies/dp/B078718WVB/ref=sr_1_53?dchild=1&keywords=Masks&qid=1594605010&sr=8-53
"TOOCA Disposable Earloop Face Mask, Pack of 50,3-ply Mouth Mask",24.99,7,-,https://amazon.com//TOOCA-Disposable-Earloop-3-ply-Mouth/dp/B089LZRGJ4/ref=sr_1_54?dchild=1&keywords=Masks&qid=1594605010&sr=8-54
"5 Pack Fashion Protective, Unisex Black Dust Cotton, Washable, Reusable Cotton Fabric",18.99,858,($3.80/Count),https://amazon.com//Fashion-Protective-Unisex-Washable-Reusable/dp/B087NMTT81/ref=sr_1_55?dchild=1&keywords=Masks&qid=1594605010&sr=8-55
"3 Pack Face Covering, Mouth Covering Unisex Black Dust Cotton, Washable, Reusable Cotton Fabric Dust Covering",14.99,250,-,https://amazon.com//Covering-Unisex-Cotton-Washable-Reusable/dp/B089148BWQ/ref=sr_1_56?dchild=1&keywords=Masks&qid=1594605010&sr=8-56
INTO THE AM Seamless Face Cover Bandanas Neck Gaiter Mouth Mask Scarf - Dust & UV Sun-Protection for Festivals and Outdoors,12.95,194,-,https://amazon.com//INTO-AM-Black-Seamless-Bandana/dp/B0754T83QC/ref=sr_1_57?dchild=1&keywords=Masks&qid=1594605010&sr=8-57
"WQFXYZ 6 Packs of 3 Colors for Outdoor Protection, Filtering Measures, dust and Deodorization, Cycling Protection, Fashion Unisex",25.99,1,-,https://amazon.com//gp/slredirect/picassoRedirect.html/ref=pa_sp_atf_next_aps_sr_pg4_1?ie=UTF8&adId=A09087883R526BS06NP7F&url=%2FWQFXYZ-Protection-Filtering-Measures-Deodorization%2Fdp%2FB08BXGBC6D%2Fref%3Dsr_1_145_sspa%3Fdchild%3D1%26keywords%3DMasks%26qid%3D1594605017%26sr%3D8-145-spons%26psc%3D1&qualifier=1594605018&id=1319490864530914&widgetName=sp_atf_next
"Unisex Black Cloth Face Madks Packs Reusable Washable, Breathable Dust Fashion Protective Fabric for Men Women, 2 Pcs Black",14.99,1,-,https://amazon.com//gp/slredirect/picassoRedirect.html/ref=pa_sp_atf_next_aps_sr_pg4_1?ie=UTF8&adId=A06266301NH39MHSHE51C&url=%2FReusable-Washable-Breathable-Fashion-Protective%2Fdp%2FB08BC7KM5M%2Fref%3Dsr_1_146_sspa%3Fdchild%3D1%26keywords%3DMasks%26qid%3D1594605017%26sr%3D8-146-spons%26psc%3D1&qualifier=1594605018&id=1319490864530914&widgetName=sp_atf_next
"Disposable Face Masks, Daily Protective Mask for Face with Knitted Ear-Loops 50 Pcs (White)",28.99,3,-,https://amazon.com//gp/slredirect/picassoRedirect.html/ref=pa_sp_atf_next_aps_sr_pg4_1?ie=UTF8&adId=A02688782C2TBS63KTZE1&url=%2FDisposable-Masks-Protective-Knitted-Ear-Loops%2Fdp%2FB089VZLMSY%2Fref%3Dsr_1_147_sspa%3Fdchild%3D1%26keywords%3DMasks%26qid%3D1594605017%26sr%3D8-147-spons%26psc%3D1&qualifier=1594605018&id=1319490864530914&widgetName=sp_atf_next
"[10 pack] TomrickCare Face Masks, General Use 3-Ply Masks",11.99,20,($1.20/Count),https://amazon.com//gp/slredirect/picassoRedirect.html/ref=pa_sp_atf_next_aps_sr_pg4_1?ie=UTF8&adId=A0425779IZ35W8HQNAFQ&url=%2Fpack-TomrickCare-Masks-General-3-Ply%2Fdp%2FB0892W18KH%2Fref%3Dsr_1_148_sspa%3Fdchild%3D1%26keywords%3DMasks%26qid%3D1594605017%26sr%3D8-148-spons%26psc%3D1&qualifier=1594605018&id=1319490864530914&widgetName=sp_atf_next
BROAD AirPro Mask Rechargeable Electrical Air Purifying Respirator with HEPA Filter,65.99,28,-,https://amazon.com//AirPro-Mascarilla-recargable-el%C3%A9ctrico-purificador/dp/B086Z2B2F8/ref=sr_1_149?dchild=1&keywords=Masks&qid=1594605017&sr=8-149
30 PCS Adult PM2.5 Activated Carbon Filter 5 Layers Replaceable Anti Haze Filter Paper,21.95,114,More Buying Choices,https://amazon.com//Activated-Carbon-Filter-Layers-Replaceable/dp/B087D1KY66/ref=sr_1_150?dchild=1&keywords=Masks&qid=1594605017&sr=8-150
"Lanier Wellness Kids 2-Layer Reusable Face Cover (Pack of 2), Blue/White",13.42,171,-,https://amazon.com//Lanier-Wellness-2-Layer-Reusable-Cover/dp/B087ZJV6DB/ref=sr_1_151?dchild=1&keywords=Masks&qid=1594605017&sr=8-151
Perfect Stix 3 Ply White Mask White Color,28.90,4,($5.78/10 Items),https://amazon.com//Perfect-Stix-White-Mask-Color/dp/B088MW473P/ref=sr_1_152?dchild=1&keywords=Masks&qid=1594605017&sr=8-152
"Disposable Face Masks, 3 Ply, Comfortable, Blue, Available in Multi-Packs, Qty 10-1,000 by Fastest Mask (10 Masks)",5.18,4,($5.18/Count),https://amazon.com//Disposable-Comfortable-Multi-Packs-Fastest-Mask/dp/B089VRGY6X/ref=sr_1_153?dchild=1&keywords=Masks&qid=1594605017&sr=8-153
"OxGord Face Mask - 500 Disposable Ear-Loop Masks (50ct Per Box, Pack of 10) Protection from Dust, Pollen, and More – Mouth Cover Ideal for Everyday Use, Blue",130.00,7,($0.26/Item),https://amazon.com//OxGord-Face-Mask-Disposable-Protection/dp/B0887YZSBR/ref=sr_1_154?dchild=1&keywords=Masks&qid=1594605017&sr=8-154
O'NEILL Fashion Face Mask Black One Size,10.95,0,-,https://amazon.com//ONEILL-Fashion-Face-Mask-Black/dp/B08B4LVJ5Y/ref=sr_1_155?dchild=1&keywords=Masks&qid=1594605017&sr=8-155
Designer Face Masks for women men kids with filter pack of 2 Plaid Cartoon Floral Stylish Cute Kawaii fashion washable face masks for dust protection cloth mask,18.99,76,-,https://amazon.com//Designer-Cartoon-Stylish-washable-protection/dp/B088H5ZCL2/ref=sr_1_156?dchild=1&keywords=Masks&qid=1594605017&sr=8-156
"[6 Pack] Unisex Sun UV Protection Face Bandana, Reusable Motorcycle Half Mask Scarf Neck Gaiter Balaclava for Men Women",29.99,330,-,https://amazon.com//Protection-Reusable-Motorcycle-Breathable-Balaclava/dp/B087FRV2LB/ref=sr_1_157?dchild=1&keywords=Masks&qid=1594605017&sr=8-157
FAYBOX 6pcs Magic Wide Wicking Headbands Outdoor Headwear Bandana Sports Scarf Tube UV Face Mask for Workout Yoga Running Hiking Riding Motorcycling,15.90,"2,051",-,https://amazon.com//FAYBOX-Wicking-Headbands-Outdoor-Headwear/dp/B077SQV1FX/ref=sr_1_158?dchild=1&keywords=Masks&qid=1594605017&sr=8-158
"3 Pack Unisex Face Covering, Black Dust Cotton, Washable, Reusable Cotton Fabric【US in Stock】",16.99,113,($5.66/Count),https://amazon.com//Unisex-Covering-Washable-Reusable-Fabric%E3%80%90US/dp/B088DJ86QH/ref=sr_1_159?dchild=1&keywords=Masks&qid=1594605017&sr=8-159
Milcoast 3-Ply Layer Disposable Earloop Face Masks - 50 Pack,34.99,451,More Buying Choices,https://amazon.com//Milcoast-3-Ply-Layer-Disposable-Earloop/dp/B087CBWDZ2/ref=sr_1_160?dchild=1&keywords=Masks&qid=1594605017&sr=8-160
"Achiou Neck Gaiter Face Scarf Mask-Dust, Sun Protection Cool Lightweight Windproof, Breathable Fishing Hiking Running Cycling",12.95,"2,705",-,https://amazon.com//Achiou-Mask-Dust-Protection-Lightweight-Breathable/dp/B07T4V86LW/ref=sr_1_161?dchild=1&keywords=Masks&qid=1594605017&sr=8-161
"Cotton Fabric Cloth Washable Reusable Face Macks, Pack 2_Assorted Color_D",24.99,12,-,https://amazon.com//Cotton-Washable-Reusable-2_Assorted-Color_D/dp/B089KGLRHQ/ref=sr_1_162?dchild=1&keywords=Masks&qid=1594605017&sr=8-162
50 Pcs Disposable Face Masks 3 Ply Safety Mask Protective Mouth Cover with Elastic Earloop for Dust Air Pollution Personal Protection Use Indoor Outdoor Home Office Travel,19.99,115,($4.00/10 Items),https://amazon.com//Disposable-Protective-Pollution-Personal-Protection/dp/B086HN11NV/ref=sr_1_163?dchild=1&keywords=Masks&qid=1594605017&sr=8-163
"Comfort Lab 50Piece 3-Ply Adjustable Protective Face Mask With Earloops & Metallic Nose Strip, 8 Oz",19.99,5,($2.50/Ounce),https://amazon.com//Comfort-Lab-Adjustable-Protective-Earloops/dp/B087VTN53K/ref=sr_1_164?dchild=1&keywords=Masks&qid=1594605017&sr=8-164
"YOUNG LOVE Summer Reusable Face Madks, Adjustable Ear Loop Face Face s-hilled, 2 ply Breathable Mouth C-Over,1 pc Marble Black",12.99,21,-,https://amazon.com//gp/slredirect/picassoRedirect.html/ref=pa_sp_mtf_aps_sr_pg4_1?ie=UTF8&adId=A00287372KA2SVX9N8ABI&url=%2FYOUNG-LOVE-Reusable-Adjustable-Breathable%2Fdp%2FB089FCXQR9%2Fref%3Dsr_1_165_sspa%3Fdchild%3D1%26keywords%3DMasks%26qid%3D1594605017%26sr%3D8-165-spons%26psc%3D1&qualifier=1594605018&id=1319490864530914&widgetName=sp_mtf
"1 PCS Washable Reusable 2 Layers Breathable Face Madks Facial M_ask C-over, B",13.99,7,-,https://amazon.com//gp/slredirect/picassoRedirect.html/ref=pa_sp_mtf_aps_sr_pg4_1?ie=UTF8&adId=A10195542JPOE7ZU7SH0W&url=%2FWashable-Reusable-Layers-Breathable-Facial%2Fdp%2FB089GRFKXN%2Fref%3Dsr_1_166_sspa%3Fdchild%3D1%26keywords%3DMasks%26qid%3D1594605017%26sr%3D8-166-spons%26psc%3D1&qualifier=1594605018&id=1319490864530914&widgetName=sp_mtf
"3 PCS Women Men 2 Layer Breathable Reusable Cloth Face Madks, Camo Grey",22.99,3,-,https://amazon.com//gp/slredirect/picassoRedirect.html/ref=pa_sp_mtf_aps_sr_pg4_1?ie=UTF8&adId=A06902612G5DJ9QQL5T2W&url=%2FWomen-Layer-Breathable-Reusable-Cloth%2Fdp%2FB08BR4TFDK%2Fref%3Dsr_1_167_sspa%3Fdchild%3D1%26keywords%3DMasks%26qid%3D1594605017%26sr%3D8-167-spons%26psc%3D1&qualifier=1594605018&id=1319490864530914&widgetName=sp_mtf
"5-Layer Filter, dustproof, Anti-Pollen, Anti-Fog, Fast delivery,10PCS,",27.77,0,-,https://amazon.com//gp/slredirect/picassoRedirect.html/ref=pa_sp_mtf_aps_sr_pg4_1?ie=UTF8&adId=A06008772YISI1A6MYRU5&url=%2F5-Layer-dustproof-Anti-Pollen-Anti-Fog-delivery%2Fdp%2FB08CCGYK1Q%2Fref%3Dsr_1_168_sspa%3Fdchild%3D1%26keywords%3DMasks%26qid%3D1594605017%26sr%3D8-168-spons%26psc%3D1&qualifier=1594605018&id=1319490864530914&widgetName=sp_mtf
The Man in the Iron Mask (Annotated),3.99,by ,Other format: ,https://amazon.com//Man-Iron-Mask-Annotated-ebook/dp/B08CRK1SD7/ref=sr_1_169?dchild=1&keywords=Masks&qid=1594605017&sr=8-169
3PCS Washable Reusable Anti Dust Face Mouth Cotton (3PCS-MixColor),14.99,18,($2.14/fl oz),https://amazon.com//Breastmilk-Breastfeeding-Container-Pre-sterilized-Measurements/dp/B07RK6DBH8/ref=sr_1_170?dchild=1&keywords=Masks&qid=1594605017&sr=8-170
"CoolBELL Comfortable Mouth Cover (10PCS, 20PCS, 40PCS,50PCS, 60PCS, 100PCS)",17.99,434,-,https://amazon.com//CoolBELL-Comfortable-Mouth-20-PCS-3-Ply/dp/B086LDZMVS/ref=sr_1_171?dchild=1&keywords=Masks&qid=1594605017&sr=8-171
"Shashi Women's Set Of 3 Bright Days Ahead Face Coverings, Multi, One Size",24.00,0,-,https://amazon.com//Shashi-Womens-Bright-Ahead-Coverings/dp/B087Z3JV7B/ref=sr_1_172?dchild=1&keywords=Masks&qid=1594605017&sr=8-172
30pack PM 2.5 Activated Carbon Filter Insert Ship from USA,21.99,201,-,https://amazon.com//30pack-Activated-Carbon-Filter-Insert/dp/B087NDCD1P/ref=sr_1_173?dchild=1&keywords=Masks&qid=1594605017&sr=8-173
"Plexon Disposable Ear Loop 4 Ply Face Protection Mask, PM2.5, Non-woven Fabric, Purifying and Breathable, Medium Size with Nose Bridge Clip (Pack of 10)",31.89,87,($3.19/Count),https://amazon.com//Plexon-Disposable-Protection-Non-woven-Breathable/dp/B088JY5JBH/ref=sr_1_174?dchild=1&keywords=Masks&qid=1594605017&sr=8-174
YEMODO Outdoor Cycling Airsoft Wearing Cover 1 PCS with {Outer Layer (Washable) + Inner Layer (Replaceable)} + 2 Pieces of Breathing Valves + 4 Pieces of Filter Pads,27.99,7,-,https://amazon.com//YEMODO-Outdoor-Washable-Replaceable-Breathing/dp/B089SPJFFX/ref=sr_1_175?dchild=1&keywords=Masks&qid=1594605017&sr=8-175
"WeCare Individually Wrapped Disposable Face Masks - 50 Pack - Soft on Skin - 3 Ply Protectors with Elastic Earloops - Latex Free, Non Woven, Single Use - Effective Filtration - Retail Packaging",36.98,157,-,https://amazon.com//WeCare-Individually-Wrapped-Disposable-Masks/dp/B08914CRBT/ref=sr_1_176?dchild=1&keywords=Masks&qid=1594605017&sr=8-176
"Forno Nose Bridge Strips for Mask,Oceantree Double Wire Flat Plastic Strips Straps Adjustable Nose Clips Wire for DIY Face Mask Making Accessories for Sewing Crafts (100pcs)",7.99,12,-,https://amazon.com//Forno-Oceantree-Plastic-Adjustable-Accessories/dp/B088PV4988/ref=sr_1_177?dchild=1&keywords=Masks&qid=1594605017&sr=8-177
50 Pcs Disposable Face Masks 3 Ply Safety Mask Protective Mouth Cover with Elastic Earloop for Dust Air Pollution Personal Protection Use Indoor Outdoor Home Office Travel,28.99,230,($0.58/Count),https://amazon.com//Disposable-Protective-Pollution-Personal-Protection/dp/B086KKWTQ5/ref=sr_1_178?dchild=1&keywords=Masks&qid=1594605017&sr=8-178
"Medi+Sons Supply Re-usable Washable Designer Fabric Women's Face Covering Mask, Decorative Floral Patterns, 3 Pack",20.00,51,More Buying Choices,https://amazon.com//Medi-Sons-Supply-Re-usable-Decorative/dp/B088T35QQX/ref=sr_1_179?dchild=1&keywords=Masks&qid=1594605017&sr=8-179
"5pc Unisex, washable and reusable",18.99,197,($3.80/Count),https://amazon.com//5pc-Unisex-washable-and-reusable/dp/B0876PXCQ2/ref=sr_1_180?dchild=1&keywords=Masks&qid=1594605017&sr=8-180
"TICONN Neck Gaiter (2 Pack), Face Cover Scarf, Summer Cool Breathable Lightweight, Ideal for Fishing Hiking Running Cycling",13.95,203,-,https://amazon.com//TICONN-Heather-Breathable-Lightweight-Wind-proof/dp/B087PPW249/ref=sr_1_181?dchild=1&keywords=Masks&qid=1594605017&sr=8-181
1 Pack Washable Reusable Black Cotton Mouth-Cover with 1 Pc Activated Carbon Filter Unisex F-a-c-e Covers Protection from Dust Pollen Pet Dander,12.99,17,-,https://amazon.com//Washable-Reusable-Mouth-Cover-Activated-Protection/dp/B08B5C5ZX3/ref=sr_1_182?dchild=1&keywords=Masks&qid=1594605017&sr=8-182
Mask,,"1,447",-,https://amazon.com//Mask-Eric-Stoltz/dp/B0184MKEZG/ref=sr_1_183?dchild=1&keywords=Masks&qid=1594605017&sr=8-183
Unisex Washable Reusable Cover - 3 Layer Cover for Dust Particle & Droplet Protection - Dust Warm outdoor Cover Black - Ship From USA,15.90,34,($5.30/Count),https://amazon.com//Unisex-Washable-Reusable-Cover-Protection/dp/B088X3GWJV/ref=sr_1_184?dchild=1&keywords=Masks&qid=1594605017&sr=8-184
Allett Reusable Face Mask - 2 Pack (TIES Grey/Black),25.00,11,-,https://amazon.com//Allett-Reusable-Face-Mask-Black/dp/B089HJYGNY/ref=sr_1_185?dchild=1&keywords=Masks&qid=1594605017&sr=8-185
Fashion Cute Heart Face Protection - Unisex Cotton Dustproof Mouth Protection - Reusable Warm Windproof for Outdoor Activities,12.99,"1,265",($6.50/Item),https://amazon.com//Fashion-Cute-Heart-Face-Protection/dp/B085BM92CD/ref=sr_1_186?dchild=1&keywords=Masks&qid=1594605017&sr=8-186
5 pcs Fashion Unisex Washable and Reusable Cotton Face Shield,11.50,107,-,https://amazon.com//Fashion-Unisex-Washable-Reusable-Cotton/dp/B089S2SNTS/ref=sr_1_187?dchild=1&keywords=Masks&qid=1594605017&sr=8-187
"David Lerner Women's Printed Face Covering 2 Pack, Blue Zebra, One Size",28.00,9,-,https://amazon.com//David-Lerner-Womens-Printed-Covering/dp/B087YJ8Z3M/ref=sr_1_188?dchild=1&keywords=Masks&qid=1594605017&sr=8-188
"DDY (USA in Stock) Reusable Cotton Anti Dust Face Mouth for Cycling Camping Travel (Pink,3PCS (3PCS-Mixcolor)",14.99,122,-,https://amazon.com//DDY-Reusable-Cycling-Camping-3PCS-Mixcolor/dp/B089GNVL35/ref=sr_1_189?dchild=1&keywords=Masks&qid=1594605017&sr=8-189
"Mask Strap Extender Silicone Anti-Slip Ear Protection Saver for Face Mask Adjustable Ear Loops Hook Mask Strap Holder Behind Head, Relieve Pressure & Pain for Comfortable Mask Wearing, 5pcs Dark Color",8.99,48,($1.80/Count),https://amazon.com//Extender-Anti-Slip-Protection-Adjustable-Comfortable/dp/B0873CZ6G5/ref=sr_1_190?dchild=1&keywords=Masks&qid=1594605017&sr=8-190
KellyKessa 3-Ply Disposable Protection Cover (50Pack) (68-3PlyMask_50pack),23.99,111,-,https://amazon.com//KellyKessa-Disposable-Protection-50Pack-68-3PlyMask_50pack/dp/B0887RQQ93/ref=sr_1_191?dchild=1&keywords=Masks&qid=1594605017&sr=8-191
Coolibar UPF 50+ Men's Women's Blackburn UV Mask - Sun Protective,24.00,22,-,https://amazon.com//Coolibar-UPF-Unisex-Mask-Protective/dp/B01F2INNTO/ref=sr_1_192?dchild=1&keywords=Masks&qid=1594605017&sr=8-192
1 Pack Washable Reusable Black Cotton Mouth-Cover with 1 Pc Activated Carbon Filter Unisex F-a-c-e Covers Protection from Dust Pollen Pet Dander,13.99,11,-,https://amazon.com//Washable-Reusable-Mouth-Cover-Activated-Protection/dp/B08BKJW4XL/ref=sr_1_193?dchild=1&keywords=Masks&qid=1594605017&sr=8-193
"ZUBREX - Disposable Face Masks, 3-Ply for Work & Indoor and Outdoor Public Spaces, 50 pcs with Earloops (Blue)",29.99,0,-,https://amazon.com//ZUBREX-Disposable-Indoor-Outdoor-Earloops/dp/B088BYZW24/ref=sr_1_194?dchild=1&keywords=Masks&qid=1594605017&sr=8-194
"DDY Soft Cotton,Reusable and Washable Breathable（Pink,3pcs）",13.99,49,-,https://amazon.com//Cotton-Reusable-Washable-Breathable%EF%BC%88Pink-3pcs%EF%BC%89/dp/B089GQN33W/ref=sr_1_195?dchild=1&keywords=Masks&qid=1594605017&sr=8-195
"Dust mask with Filter,Sports Face Mask, 2 Filters and 2 Valves Included,Replaceable Filters and Washable Masks for Running, Cycling, Skiing Motorbikes, Outdoor Activities(Black)",18.99,112,($18.99/100 g),https://amazon.com//Included-Replaceable-Washable-Motorbikes-Activities/dp/B087389XXZ/ref=sr_1_196?dchild=1&keywords=Masks&qid=1594605017&sr=8-196
"Vanecia Disposable 3-Layers Protective Earloop Face Masks for Kids 6 Colors Pink Green Yellow White Blue, Kids Cartoon (30 pcs)",16.99,98,-,https://amazon.com//Vanecia-Disposable-3-Layers-Protective-Earloop/dp/B087JH8XVB/ref=sr_1_197?dchild=1&keywords=Masks&qid=1594605017&sr=8-197
Brixton Reversible Face Mask Olive Herringbone One Size,12.99,0,-,https://amazon.com//Brixton-Reversible-Face-Olive-Herringbone/dp/B089F958JY/ref=sr_1_198?dchild=1&keywords=Masks&qid=1594605017&sr=8-198
"Protective Covers with 4 Filter Sheet,Washable Reusable Protection Cover with 2 Breathing Valve-Black (1 Pack)",24.75,66,More Buying Choices,https://amazon.com//protectoras-protectora-reutilizable-v%C3%A1lvulas-respiraci%C3%B3n/dp/B088T6RHM6/ref=sr_1_199?dchild=1&keywords=Masks&qid=1594605017&sr=8-199
"Hatrigo Class 1 Face Mask, 50 Pcs Disposable Masks, Lightweight Dust Mask Face Covering, Protective Face Masks for Healthcare, Office, Work",23.99,41,($0.48/Count),https://amazon.com//Hatrigo-Disposable-Lightweight-Protective-Healthcare/dp/B088W1SS9P/ref=sr_1_200?dchild=1&keywords=Masks&qid=1594605017&sr=8-200
"Adults Cotton Face Mucks Bandanas for Men Women, Dust-Proof, 4 Pcs Facial Protective, 24 Pcs Replacement Particles Filter Breathing Sheet",24.89,2,($0.89/Count),https://amazon.com//gp/slredirect/picassoRedirect.html/ref=pa_sp_btf_aps_sr_pg4_1?ie=UTF8&adId=A07890321KIFS02T7O0R1&url=%2FDust-Proof-Protective-Replacement-Particles-Breathing%2Fdp%2FB088QYLNBB%2Fref%3Dsr_1_201_sspa%3Fdchild%3D1%26keywords%3DMasks%26qid%3D1594605017%26sr%3D8-201-spons%26psc%3D1&qualifier=1594605018&id=1319490864530914&widgetName=sp_btf
"Cover for Outdoor, Sports Fashion Protection, Neutral Black dustproof Cotton, Washable, Reusable Cotton Fabric",34.99,95,($34.99/Count),https://amazon.com//gp/slredirect/picassoRedirect.html/ref=pa_sp_btf_aps_sr_pg4_1?ie=UTF8&adId=A03484353JKJGARP4IZ6S&url=%2FOutdoor-Protection-dustproof-Washable-Reusable%2Fdp%2FB088LDVPHX%2Fref%3Dsr_1_202_sspa%3Fdchild%3D1%26keywords%3DMasks%26qid%3D1594605017%26sr%3D8-202-spons%26psc%3D1&qualifier=1594605018&id=1319490864530914&widgetName=sp_btf
"Tart Collections Face Mask, Comfortable Non-Elastic Ear Loops, Washable and Reusable, Unisex, Made in USA",9.99,73,-,https://amazon.com//gp/slredirect/picassoRedirect.html/ref=pa_sp_btf_aps_sr_pg4_1?ie=UTF8&adId=A066728025M4Q11X681OO&url=%2FTart-Collections-Comfortable-Non-Elastic-Washable%2Fdp%2FB088K52XZ9%2Fref%3Dsr_1_203_sspa%3Fdchild%3D1%26keywords%3DMasks%26qid%3D1594605017%26sr%3D8-203-spons%26psc%3D1&qualifier=1594605018&id=1319490864530914&widgetName=sp_btf
"American US Flag Face Bandana Neck Gaiter, Sun UV Dust Protection Reusable Half Mask Scarf Motorcycle Balaclava for Men Women",23.99,389,-,https://amazon.com//gp/slredirect/picassoRedirect.html/ref=pa_sp_btf_aps_sr_pg4_1?ie=UTF8&adId=A04892131BVJF2BPWNSF9&url=%2FAmerican-Protection-Reusable-Motorcycle-Balaclava%2Fdp%2FB089GXPYJD%2Fref%3Dsr_1_204_sspa%3Fdchild%3D1%26keywords%3DMasks%26qid%3D1594605017%26sr%3D8-204-spons%26psc%3D1&qualifier=1594605018&id=1319490864530914&widgetName=sp_btf
"50Pcs Disposable Face Mask, 3 Layers Breathable Earlooped  Protective Masks",26.99,12,($26.99/Count),https://amazon.com//gp/slredirect/picassoRedirect.html/ref=pa_sp_atf_next_aps_sr_pg5_1?ie=UTF8&adId=A0882846NTYTRQCRW04V&url=%2FDisposable-Layers-Breathable-Earlooped-Protective%2Fdp%2FB089GYYYRJ%2Fref%3Dsr_1_193_sspa%3Fdchild%3D1%26keywords%3DMasks%26qid%3D1594605019%26sr%3D8-193-spons%26psc%3D1&qualifier=1594605021&id=8035809820063366&widgetName=sp_atf_next
"50pcs Disposable Face Mask, Facial Masks, Mouth Masks 3-Ply with Elastic Earloops, Breathable Non-woven Mouth Filter Covers for Home, Office, Outdoor - Blue",24.99,9,-,https://amazon.com//gp/slredirect/picassoRedirect.html/ref=pa_sp_atf_next_aps_sr_pg5_1?ie=UTF8&adId=A07127011JAPYE1RMVRR8&url=%2FDisposable-Elastic-Earloops-Breathable-Non-woven%2Fdp%2FB08BCBZ876%2Fref%3Dsr_1_194_sspa%3Fdchild%3D1%26keywords%3DMasks%26qid%3D1594605019%26sr%3D8-194-spons%26psc%3D1&qualifier=1594605021&id=8035809820063366&widgetName=sp_atf_next
"Tart Collections Reversible and Adjustable Face Mask, Comfortable, Soft Elastic Ear Loops, Washable and Reusable, Unisex, 95% Poly / 5% Spandex, Solarized Croco",9.99,4,-,https://amazon.com//gp/slredirect/picassoRedirect.html/ref=pa_sp_atf_next_aps_sr_pg5_1?ie=UTF8&adId=A03023662KKOY05CTAEOF&url=%2FTart-Collections-Reversible-Adjustable-Comfortable%2Fdp%2FB0897LK9NS%2Fref%3Dsr_1_195_sspa%3Fdchild%3D1%26keywords%3DMasks%26qid%3D1594605019%26sr%3D8-195-spons%26psc%3D1&qualifier=1594605021&id=8035809820063366&widgetName=sp_atf_next
KellyKessa 3-Ply Disposable Protection Cover (50Pack) (3PlyMask_50pack),24.99,26,($24.99/Count),https://amazon.com//gp/slredirect/picassoRedirect.html/ref=pa_sp_atf_next_aps_sr_pg5_1?ie=UTF8&adId=A0516676JDTM769WJ79C&url=%2FKellyKessa-Disposable-Protection-50Pack-3PlyMask_50pack%2Fdp%2FB089T2S19H%2Fref%3Dsr_1_196_sspa%3Fdchild%3D1%26keywords%3DMasks%26qid%3D1594605019%26sr%3D8-196-spons%26psc%3D1&qualifier=1594605021&id=8035809820063366&widgetName=sp_atf_next
Unisex Washable Reusable Cover - 3 Layer Cover for Dust Particle & Droplet Protection - Dust Warm outdoor Cover Black - Ship From USA,15.90,34,($5.30/Count),https://amazon.com//Unisex-Washable-Reusable-Cover-Protection/dp/B088X3GWJV/ref=sr_1_197?dchild=1&keywords=Masks&qid=1594605019&sr=8-197
Allett Reusable Face Mask - 2 Pack (TIES Grey/Black),25.00,11,-,https://amazon.com//Allett-Reusable-Face-Mask-Black/dp/B089HJYGNY/ref=sr_1_198?dchild=1&keywords=Masks&qid=1594605019&sr=8-198
Fashion Cute Heart Face Protection - Unisex Cotton Dustproof Mouth Protection - Reusable Warm Windproof for Outdoor Activities,12.99,"1,265",($6.50/Item),https://amazon.com//Fashion-Cute-Heart-Face-Protection/dp/B085BM92CD/ref=sr_1_199?dchild=1&keywords=Masks&qid=1594605019&sr=8-199
Amazon Essentials Men's Regular-Fit Long-Sleeve Plaid Flannel Shirt,18.00,"5,731",-,https://amazon.com//Amazon-Essentials-Regular-Fit-Long-Sleeve-XX-Large/dp/B073XP65KN/ref=sr_1_200?dchild=1&keywords=Masks&qid=1594605019&sr=8-200
5 pcs Fashion Unisex Washable and Reusable Cotton Face Shield,11.50,107,-,https://amazon.com//Fashion-Unisex-Washable-Reusable-Cotton/dp/B089S2SNTS/ref=sr_1_201?dchild=1&keywords=Masks&qid=1594605019&sr=8-201
O'Neill Fashion Mask Camo One Size,11.00,0,-,https://amazon.com//ONeill-Fashion-Mask-Camo-Size/dp/B08BLWT8TT/ref=sr_1_202?dchild=1&keywords=Masks&qid=1594605019&sr=8-202
"DDY (USA in Stock) Reusable Cotton Anti Dust Face Mouth for Cycling Camping Travel (Pink,3PCS (3PCS-Mixcolor)",14.99,122,-,https://amazon.com//DDY-Reusable-Cycling-Camping-3PCS-Mixcolor/dp/B089GNVL35/ref=sr_1_203?dchild=1&keywords=Masks&qid=1594605019&sr=8-203
"Mask Strap Extender Silicone Anti-Slip Ear Protection Saver for Face Mask Adjustable Ear Loops Hook Mask Strap Holder Behind Head, Relieve Pressure & Pain for Comfortable Mask Wearing, 5pcs Dark Color",8.99,48,($1.80/Count),https://amazon.com//Extender-Anti-Slip-Protection-Adjustable-Comfortable/dp/B0873CZ6G5/ref=sr_1_204?dchild=1&keywords=Masks&qid=1594605019&sr=8-204
KellyKessa 3-Ply Disposable Protection Cover (50Pack) (68-3PlyMask_50pack),23.99,111,-,https://amazon.com//KellyKessa-Disposable-Protection-50Pack-68-3PlyMask_50pack/dp/B0887RQQ93/ref=sr_1_205?dchild=1&keywords=Masks&qid=1594605019&sr=8-205
Dickies Men's Short-Sleeve Coverall,34.32,"3,343",-,https://amazon.com//Dickies-camisa-overol-mangas-cortas/dp/B005FXH41A/ref=sr_1_206?dchild=1&keywords=Masks&qid=1594605019&sr=8-206
1 Pack Washable Reusable Black Cotton Mouth-Cover with 1 Pc Activated Carbon Filter Unisex F-a-c-e Covers Protection from Dust Pollen Pet Dander,13.99,11,-,https://amazon.com//Washable-Reusable-Mouth-Cover-Activated-Protection/dp/B08BKJW4XL/ref=sr_1_207?dchild=1&keywords=Masks&qid=1594605019&sr=8-207
Mask,,"1,447",-,https://amazon.com//Mask-Eric-Stoltz/dp/B0184MKEZG/ref=sr_1_208?dchild=1&keywords=Masks&qid=1594605019&sr=8-208
"ZUBREX - Disposable Face Masks, 3-Ply for Work & Indoor and Outdoor Public Spaces, 50 pcs with Earloops (Blue)",29.99,0,-,https://amazon.com//ZUBREX-Disposable-Indoor-Outdoor-Earloops/dp/B088BYZW24/ref=sr_1_209?dchild=1&keywords=Masks&qid=1594605019&sr=8-209
Hurley Lightweight Multipurpose Neck Gaiter with Moisture Wicking Technology (2 Pack),28.00,8,-,https://amazon.com//Hurley-Multipurpose-Moisture-Wicking-Technology/dp/B089KT2WFN/ref=sr_1_210?dchild=1&keywords=Masks&qid=1594605019&sr=8-210
"DDY Soft Cotton,Reusable and Washable Breathable（Pink,3pcs）",13.99,49,-,https://amazon.com//Cotton-Reusable-Washable-Breathable%EF%BC%88Pink-3pcs%EF%BC%89/dp/B089GQN33W/ref=sr_1_211?dchild=1&keywords=Masks&qid=1594605019&sr=8-211
"Dust mask with Filter,Sports Face Mask, 2 Filters and 2 Valves Included,Replaceable Filters and Washable Masks for Running, Cycling, Skiing Motorbikes, Outdoor Activities(Black)",18.99,112,($18.99/100 g),https://amazon.com//Included-Replaceable-Washable-Motorbikes-Activities/dp/B087389XXZ/ref=sr_1_212?dchild=1&keywords=Masks&qid=1594605019&sr=8-212
"1 PCS Washable Reusable 2 Layers Breathable Face Madks Facial M_ask C-over, G",12.99,7,-,https://amazon.com//gp/slredirect/picassoRedirect.html/ref=pa_sp_mtf_aps_sr_pg5_1?ie=UTF8&adId=A026690911WDO7T0G01ZJ&url=%2FWashable-Reusable-Layers-Breathable-Facial%2Fdp%2FB089GRF8BC%2Fref%3Dsr_1_213_sspa%3Fdchild%3D1%26keywords%3DMasks%26qid%3D1594605019%26sr%3D8-213-spons%26psc%3D1&qualifier=1594605021&id=8035809820063366&widgetName=sp_mtf
"YOUNG LOVE Summer Reusable Face Madks, Adjustable Ear Loop Face Face s-hilled, 2 ply Breathable Mouth C-Over,1 pc Camo Pink",13.99,21,-,https://amazon.com//gp/slredirect/picassoRedirect.html/ref=pa_sp_mtf_aps_sr_pg5_1?ie=UTF8&adId=A00198973HYL0BZFPYEZQ&url=%2FYOUNG-LOVE-Reusable-Adjustable-Breathable%2Fdp%2FB089FCCRVG%2Fref%3Dsr_1_214_sspa%3Fdchild%3D1%26keywords%3DMasks%26qid%3D1594605019%26sr%3D8-214-spons%26psc%3D1&qualifier=1594605021&id=8035809820063366&widgetName=sp_mtf
"LRKC Cycling Face Cover, Activated Carbon Windproof Madks with F-ilter for Outdoor Sportswear",47.99,8,-,https://amazon.com//gp/slredirect/picassoRedirect.html/ref=pa_sp_mtf_aps_sr_pg5_1?ie=UTF8&adId=A00635873U2FSB7GDZ8YE&url=%2Fdp%2FB08CK9WRP4%2Fref%3Dsr_1_215_sspa%3Fdchild%3D1%26keywords%3DMasks%26qid%3D1594605019%26sr%3D8-215-spons%26psc%3D1&qualifier=1594605021&id=8035809820063366&widgetName=sp_mtf
"3 PCS Women Men 2 Layer Breathable Reusable Cloth Face Madks, Multi3",23.99,3,-,https://amazon.com//gp/slredirect/picassoRedirect.html/ref=pa_sp_mtf_aps_sr_pg5_1?ie=UTF8&adId=A02500203IFKHE6G6SNFK&url=%2FWomen-Layer-Breathable-Reusable-Multi3%2Fdp%2FB08BRDFL9Z%2Fref%3Dsr_1_216_sspa%3Fdchild%3D1%26keywords%3DMasks%26qid%3D1594605019%26sr%3D8-216-spons%26psc%3D1&qualifier=1594605021&id=8035809820063366&widgetName=sp_mtf
"Vanecia Disposable 3-Layers Protective Earloop Face Masks for Kids 6 Colors Pink Green Yellow White Blue, Kids Cartoon (30 pcs)",16.99,98,-,https://amazon.com//Vanecia-Disposable-3-Layers-Protective-Earloop/dp/B087JH8XVB/ref=sr_1_217?dchild=1&keywords=Masks&qid=1594605019&sr=8-217
5 Pack Fashion PPE Masks,28.00,0,-,https://amazon.com//5-Pack-Fashion-PPE-Masks/dp/B08B6ZXXK4/ref=sr_1_218?dchild=1&keywords=Masks&qid=1594605019&sr=8-218
"Protective Covers with 4 Filter Sheet,Washable Reusable Protection Cover with 2 Breathing Valve-Black (1 Pack)",24.75,66,More Buying Choices,https://amazon.com//protectoras-protectora-reutilizable-v%C3%A1lvulas-respiraci%C3%B3n/dp/B088T6RHM6/ref=sr_1_219?dchild=1&keywords=Masks&qid=1594605019&sr=8-219
"Hatrigo Class 1 Face Mask, 50 Pcs Disposable Masks, Lightweight Dust Mask Face Covering, Protective Face Masks for Healthcare, Office, Work",23.99,41,($0.48/Count),https://amazon.com//Hatrigo-Disposable-Lightweight-Protective-Healthcare/dp/B088W1SS9P/ref=sr_1_220?dchild=1&keywords=Masks&qid=1594605019&sr=8-220
Aztec Secret – Indian Healing Clay 1 lb – Deep Pore Cleansing Facial & Body Mask – The Original 100% Natural Calcium Bentonite Clay – New Version 2,12.79,"5,537",($0.80/Ounce),https://amazon.com//Aztec-Secret-Cleansing-Original-Bentonite/dp/B081FK6L1G/ref=sr_1_221?dchild=1&keywords=Masks&qid=1594605019&sr=8-221
Disguise Richard Nixon Mask,14.99,150,-,https://amazon.com//Disguise-Nixon-Vinyl-Black-White/dp/B00001QHXX/ref=sr_1_222?dchild=1&keywords=Masks&qid=1594605019&sr=8-222
"Tart Collections Reversible and Adjustable Face Mask, Comfortable, Soft Elastic Ear Loops, Washable and Reusable, Unisex, 95% Rayon / 5% Spandex, Olive Camo",9.99,5,-,https://amazon.com//gp/slredirect/picassoRedirect.html/ref=pa_sp_atf_next_aps_sr_pg6_1?ie=UTF8&adId=A03021222Z1YF2EAHH4FN&url=%2FTart-Collections-Reversible-Adjustable-Comfortable%2Fdp%2FB0896QBKQG%2Fref%3Dsr_1_241_sspa%3Fdchild%3D1%26keywords%3DMasks%26qid%3D1594605021%26sr%3D8-241-spons%26psc%3D1&qualifier=1594605023&id=3877147551538419&widgetName=sp_atf_next
"20PCS, 5-layer filter, dustproof, anti-spray, anti-pollen, anti-fog,",42.99,0,-,https://amazon.com//gp/slredirect/picassoRedirect.html/ref=pa_sp_atf_next_aps_sr_pg6_1?ie=UTF8&adId=A0214930MZIIFJ6E8KZ4&url=%2F5-layer-dustproof-anti-spray-anti-pollen-anti-fog%2Fdp%2FB087W4Q34N%2Fref%3Dsr_1_242_sspa%3Fdchild%3D1%26keywords%3DMasks%26qid%3D1594605021%26sr%3D8-242-spons%26psc%3D1&qualifier=1594605023&id=3877147551538419&widgetName=sp_atf_next
"Facial Protection Filtration 95%, Anti-Fog, Dust-Proof With activated carbon filter Adjustable Headgear Nose wire Full Face Protection Masks",14.98,73,-,https://amazon.com//gp/slredirect/picassoRedirect.html/ref=pa_sp_atf_next_aps_sr_pg6_1?ie=UTF8&adId=A01098662SQMYEVMJTFMZ&url=%2FProtection-Filtration-Dust-Proof-activated-Adjustable%2Fdp%2FB089DNRJ1F%2Fref%3Dsr_1_243_sspa%3Fdchild%3D1%26keywords%3DMasks%26qid%3D1594605021%26sr%3D8-243-spons%26psc%3D1&qualifier=1594605023&id=3877147551538419&widgetName=sp_atf_next
"American US Flag Face Bandana Neck Gaiter, Sun UV Dust Protection Reusable Half Mask Scarf Motorcycle Balaclava for Men Women",32.99,389,-,https://amazon.com//gp/slredirect/picassoRedirect.html/ref=pa_sp_atf_next_aps_sr_pg6_1?ie=UTF8&adId=A04891131X3H38ECWAOM1&url=%2FAmerican-Protection-Reusable-Motorcycle-Balaclava%2Fdp%2FB088GRTRX3%2Fref%3Dsr_1_244_sspa%3Fdchild%3D1%26keywords%3DMasks%26qid%3D1594605021%26sr%3D8-244-spons%26psc%3D1&qualifier=1594605023&id=3877147551538419&widgetName=sp_atf_next
"iHeartRaves Face Mask Seamless Bandanas, 12-in-1 Multifunctional Dust Protection",29.95,351,-,https://amazon.com//iHeartRaves-Nocturnal-Galaxy-Seamless-Bandanas/dp/B07MLGLHG3/ref=sr_1_245?dchild=1&keywords=Masks&qid=1594605021&sr=8-245
20PCS PCS Adult PM2.5 Activated Carbon Filter 5 Layers Replaceable Anti Haze Filter Paper (20PCS),16.95,61,-,https://amazon.com//Activated-Carbon-Filter-Layers-Replaceable/dp/B0885RLPSC/ref=sr_1_246?dchild=1&keywords=Masks&qid=1594605021&sr=8-246
"1 PCS Cover with 8 PCS Filters and 4 Valves Included Activated Carbon Filter Elements, 5-layer Replacement Filter for Sports Outdoor Activities, Cycling, Motorcycle, Running",29.99,9,-,https://amazon.com//Included-Activated-Replacement-Activities-Motorcycle/dp/B089VR75QD/ref=sr_1_247?dchild=1&keywords=Masks&qid=1594605021&sr=8-247
Protective Mouth Cover Face Mask Multi Layer Breathable Reusable and Washable Cloth for Individual and Family Use for Indoor Outdoor Home Office Travel (3 Pack),21.17,548,($7.06/Count),https://amazon.com//Protective-Breathable-Reusable-Washable-Individual/dp/B0872TJL6R/ref=sr_1_248?dchild=1&keywords=Masks&qid=1594605021&sr=8-248
"50 Pack Disposable Face Masks with Elastic Ear Loop, 3 Ply Breathable and Comfortable for Blocking Dust Air Pollution Dust Protection (Blue)",19.88,164,($0.40/Count),https://amazon.com//Disposable-Breathable-Comfortable-Pollution-Protection/dp/B0875S5TWF/ref=sr_1_249?dchild=1&keywords=Masks&qid=1594605021&sr=8-249
Brixton Reversible Face Mask Black Engineer Stripe One Size,12.99,0,-,https://amazon.com//Brixton-Reversible-Black-Engineer-Stripe/dp/B089F8WZF4/ref=sr_1_250?dchild=1&keywords=Masks&qid=1594605021&sr=8-250
"2 layers Face Madks Reusable Washable Breathable for Adults Face Bandana scarf,Red",13.99,6,-,https://amazon.com//layers-Reusable-Washable-Breathable-Bandana/dp/B08BC9W761/ref=sr_1_251?dchild=1&keywords=Masks&qid=1594605021&sr=8-251
"20 packs of PM 2.5 activated carbon filter (5 layers), permanent household protective filter, effective non-woven cotton filter",14.59,101,-,https://amazon.com//activated-permanent-household-protective-effective/dp/B087NBBSG4/ref=sr_1_252?dchild=1&keywords=Masks&qid=1594605021&sr=8-252
FREEFA Face Bandanas Rreuseable and Washable Cotton made with Breathing valve Five-layer Activated Carbon Filters Replaceable Haze Dust Face Health for Adults.Ship from USA! (4ColofullⅠ+12Filter),22.00,42,-,https://amazon.com//FREEFA-Rreuseable-Five-layer-Replaceable-Adults-Ship/dp/B089RH4PGJ/ref=sr_1_253?dchild=1&keywords=Masks&qid=1594605021&sr=8-253
"Dekugaa Full Face Snorkel Mask, Snorkeling Mask with Detachable Camera Mount, 180 Degree Panoramic Viewing Upgraded Dive Mask with Safety Breathing System Dry Top Set Anti-Fog Anti-Leak",22.99,246,-,https://amazon.com//Dekugaa-Snorkeling-Detachable-Panoramic-Breathing/dp/B086GX5B8M/ref=sr_1_254?dchild=1&keywords=Masks&qid=1594605021&sr=8-254
"2 Pack Reusable Cotton Cover with Breathing Valve, Feeke Washable Cotton Cloth Adjustable Ear Loops with 4 Pcs Filters for Men and Women - Black",19.99,8,($10.00/Item),https://amazon.com//Reusable-Breathing-Feeke-Washable-Adjustable/dp/B08BF8XLJK/ref=sr_1_255?dchild=1&keywords=Masks&qid=1594605021&sr=8-255
"50 PCS Disposable Face Masks, Daily Protective Mask for Face with Knitted Earloops (Blue)",28.99,69,More Buying Choices,https://amazon.com//Disposable-Masks-Protective-Knitted-Earloops/dp/B08716L7MH/ref=sr_1_256?dchild=1&keywords=Masks&qid=1594605021&sr=8-256
X-CHENG Scarf Bandanas Mask - Multi-Purpose Bandana Mask Neck Gaiter with Safety Carbon Filters for Men Women Sports&Outdoors,23.99,423,-,https://amazon.com//X-CHENG-Scarf-Bandanas-Mask-Multi-Purpose/dp/B088K5YGTG/ref=sr_1_257?dchild=1&keywords=Masks&qid=1594605021&sr=8-257
"Home Zone Living 50pc Disposable Face Mask, USA-Based Shipping & Support, 3-Ply, Latex Free, FDA-Registered Manufacturer, Elastic Ear Loops, Comfortable, Breathable, Medical, Surgical Style",29.99,26,($0.60/Count),https://amazon.com//Home-Zone-Living-FDA-Registered-Manufacturer/dp/B088M5VHS3/ref=sr_1_258?dchild=1&keywords=Masks&qid=1594605021&sr=8-258
"Disposable Face Mask, Breathable Masks (Pack of 50)",27.99,43,More Buying Choices,https://amazon.com//Disposable-Face-Mask-Breathable-Masks/dp/B088QBYTTD/ref=sr_1_259?dchild=1&keywords=Masks&qid=1594605021&sr=8-259
"3pcs X 1 Pack Water Repellent Face Masks 3D Design Professional Quality, Clean-Finished Fashion Fabric Face Covering Adjustable Nose Bridge, Washable, size (10"" x 5.5"") (Khaki-White-Brown)",20.00,35,($6.67/Count),https://amazon.com//Repellent-Professional-Clean-Finished-Covering-Adjustable/dp/B088XD975B/ref=sr_1_260?dchild=1&keywords=Masks&qid=1594605021&sr=8-260
"1 PCS Washable Reusable 2 Layers Breathable Face Madks Facial M_ask C-over, BE",12.99,7,-,https://amazon.com//gp/slredirect/picassoRedirect.html/ref=pa_sp_mtf_aps_sr_pg6_1?ie=UTF8&adId=A02670651JF23UN73BRPT&url=%2FWashable-Reusable-Layers-Breathable-Facial%2Fdp%2FB089GR7J5M%2Fref%3Dsr_1_261_sspa%3Fdchild%3D1%26keywords%3DMasks%26qid%3D1594605021%26sr%3D8-261-spons%26psc%3D1&qualifier=1594605023&id=3877147551538419&widgetName=sp_mtf
"3 PCS Women Men 2 Layer Breathable Reusable Cloth Face Madks, Multi7",24.99,3,-,https://amazon.com//gp/slredirect/picassoRedirect.html/ref=pa_sp_mtf_aps_sr_pg6_1?ie=UTF8&adId=A040201811BHHS5KCIGZD&url=%2FWomen-Layer-Breathable-Reusable-Multi7%2Fdp%2FB08BR4JPQV%2Fref%3Dsr_1_262_sspa%3Fdchild%3D1%26keywords%3DMasks%26qid%3D1594605021%26sr%3D8-262-spons%26psc%3D1&qualifier=1594605023&id=3877147551538419&widgetName=sp_mtf
"LRKC Cycling Face Cover, Activated Carbon Windproof Madks with F-ilter for Outdoor Sportswear",47.99,8,-,https://amazon.com//gp/slredirect/picassoRedirect.html/ref=pa_sp_mtf_aps_sr_pg6_1?ie=UTF8&adId=A006309530S4E2Y8EIGWI&url=%2FLRKC-Reusable-Washable-Breathable-Breathing%2Fdp%2FB08CKBH3D9%2Fref%3Dsr_1_263_sspa%3Fdchild%3D1%26keywords%3DMasks%26qid%3D1594605021%26sr%3D8-263-spons%26psc%3D1&qualifier=1594605023&id=3877147551538419&widgetName=sp_mtf
"I DEW CARE Space Kitten | Charcoal Face Mask Exfoliating Galactic Black Peel-off Face Mask (T-Zone Only) | Korean Skincare, Facial Treatment, Cruelty-free, Gluten-free, Paraben-free",23.00,666,($8.01/Fl Oz),https://amazon.com//gp/slredirect/picassoRedirect.html/ref=pa_sp_mtf_aps_sr_pg6_1?ie=UTF8&adId=A03805803B1CNMFP4KPQY&url=%2FDEW-CARE-Exfoliating-Cruelty-free-Paraben-free%2Fdp%2FB07XLNTPJZ%2Fref%3Dsr_1_264_sspa%3Fdchild%3D1%26keywords%3DMasks%26qid%3D1594605021%26sr%3D8-264-spons%26psc%3D1&qualifier=1594605023&id=3877147551538419&widgetName=sp_mtf
"Dre Health 3 Ply Disposable Face Masks, 20 Count - Made in The USA - Ear Loop Face Shields - Helps Filter Dust, Pollen - Latex Free, Glass Free Filter, Non Woven",22.98,52,($1.15/Count),https://amazon.com//Dre-Health-Disposable-Masks-Count/dp/B088KTHFC1/ref=sr_1_265?dchild=1&keywords=Masks&qid=1594605021&sr=8-265
"Yoodelife Anti-dust Black Mouth Mask, Unisex Cotton Face Mask Muffle Mask Anime Mask for Cycling Travel Outdoors for Adult Men Women,Style 2, Pack of 3",19.99,"1,070",($6.66/Item),https://amazon.com//Yoodelife-Anti-dust-Unisex-Cycling-Outdoors/dp/B085BNTQYS/ref=sr_1_266?dchild=1&keywords=Masks&qid=1594605021&sr=8-266
Skechers Sport Men's Equalizer Coast to Coast Mule,56.92,"2,143",-,https://amazon.com//Skechers-Sport-Equalizer-Coast-Black/dp/B01APLBZNY/ref=sr_1_267?dchild=1&keywords=Masks&qid=1594605021&sr=8-267
"3 Pack Unisex Washable Reusable Cotton Face Madks W/Valve-Filter C_over, BG",32.99,36,-,https://amazon.com//Unisex-Washable-Reusable-Cotton-Valve-Filter/dp/B089SFNNGN/ref=sr_1_268?dchild=1&keywords=Masks&qid=1594605021&sr=8-268
"ABG Accessories Girls' 3-Pack Kid Fashionable Germ Protection, Reusable Fabric Face Mask Age 4-14",12.99,43,-,https://amazon.com//ABG-Accessories-Fashionable-Protection-Reusable/dp/B088FZTBDL/ref=sr_1_269?dchild=1&keywords=Masks&qid=1594605021&sr=8-269
3 Pack Cotton Black Face Cover Unisex Adjustable Washable and Reusable Mouth Cover,15.69,28,-,https://amazon.com//Cotton-Unisex-Adjustable-Washable-Reusable/dp/B08771X8P3/ref=sr_1_270?dchild=1&keywords=Masks&qid=1594605021&sr=8-270
"Oxgord Face Mask - 100 Disposable Ear-loop Masks (50ctper Box, Pack Of 2) Protection From Dust, Pollen, More - Mouth Cover Ideal for Everyday Use, Blue, 1count",16.00,89,More Buying Choices,https://amazon.com//Oxgord-Face-Mask-Disposable-Protection/dp/B0887T7VTZ/ref=sr_1_271?dchild=1&keywords=Masks&qid=1594605021&sr=8-271
"Face Mask Disposable, 50 PCS AXHKIO 3 Layers Safety Masks Comfortable for Blocking Dust Air Pollution Protection",23.99,28,($23.99/Count),https://amazon.com//Disposable-AXHKIO-Comfortable-Pollution-Protection/dp/B0897PJT5M/ref=sr_1_272?dchild=1&keywords=Masks&qid=1594605021&sr=8-272
"The Mumbling Monkey Single Use Blue Face Mask, 3-ply, Non-medical, 100 Pack, 100count",30.99,2,($0.31/Count),https://amazon.com//Mumbling-Monkey-Single-Non-medical-100count/dp/B08BJB29JM/ref=sr_1_273?dchild=1&keywords=Masks&qid=1594605021&sr=8-273
"No Nonsense Kids' Face Mask, Black/Black/Navy/Navy/Grey, Youth",15.41,1,-,https://amazon.com//No-Nonsense-Kids-Black-Youth/dp/B088MLWWFP/ref=sr_1_274?dchild=1&keywords=Masks&qid=1594605021&sr=8-274
M Plus Cover [2nd Generation] With Extra Active Carbon Filters (2+8 Filters),36.99,97,-,https://amazon.com//Cover-Generation-Active-Carbon-Filters/dp/B087PGTZZG/ref=sr_1_275?dchild=1&keywords=Masks&qid=1594605021&sr=8-275
"Facial Protection Filtration 95%, Anti-Fog, Dust-Proof Adjustable Nose wire Headgear Full Face Protection Masks(Activated carbon filter can be inserted）",16.99,83,More Buying Choices,https://amazon.com//Protection-Filtration-Dust-Proof-Adjustable-Activated/dp/B089DPHX8K/ref=sr_1_276?dchild=1&keywords=Masks&qid=1594605021&sr=8-276
"Bandana for Rave Face Mask Dust Wind UV Sun, Neck Gaiter Tube Mask Headwear, Motorcycle Face Mask for Women Men Face Scarf",15.99,103,-,https://amazon.com//Washable-Reusable-Bandana-Protection-Balaclava/dp/B089LRNZY4/ref=sr_1_277?dchild=1&keywords=Masks&qid=1594605021&sr=8-277
Reusable Fabric Face Mask Unisex - Outdoor Print Cloth Comfy Breathable Mouth Shield Washable Covering Protection Men Women (Pleated/Ear Loop - Floral Romance Navy Fuchsia),9.99,3,-,https://amazon.com//Reusable-Fabric-Face-Mask-Unisex/dp/B089DW6W3C/ref=sr_1_278?dchild=1&keywords=Masks&qid=1594605021&sr=8-278
Fashionable & Washable Face Mask - Anti Dust Face Mask Child and Women Design,15.95,6,-,https://amazon.com//TURAAG-Solid-Fashion-Child-Women/dp/B088M7B4SL/ref=sr_1_279?dchild=1&keywords=Masks&qid=1594605021&sr=8-279
"American US Flag Face Bandana Neck Gaiter, Sun UV Dust Protection Reusable Half Mask Scarf Motorcycle Balaclava for Men Women",23.99,389,-,https://amazon.com//American-Protection-Reusable-Motorcycle-Balaclava/dp/B089GXPYJD/ref=sr_1_280?dchild=1&keywords=Masks&qid=1594605021&sr=8-280
Grey Mask (Miss Silver #1),19.99,by ,Other format: ,https://amazon.com//Grey-Mask-Miss-Silver-1/dp/1709211997/ref=sr_1_281?dchild=1&keywords=Masks&qid=1594605021&sr=8-281
5 Pack Unisex Fashion Stretch Lightweight Cotton Covering Face and Mouth Reusable Washable Adjustable,26.97,70,-,https://amazon.com//Lightweight-Covering-Reusable-Washable-Adjustable/dp/B0888916VR/ref=sr_1_282?dchild=1&keywords=Masks&qid=1594605021&sr=8-282
Hanes Men’s Ultimate Cotton Heavyweight Pullover Hoodie Sweatshirt,12.00,"3,861",-,https://amazon.com//Hanes-Pullover-Ultimate-Heavyweight-Fleece/dp/B00JUMDZNI/ref=sr_1_283?dchild=1&keywords=Masks&qid=1594605021&sr=8-283
Studio 21 Graphix Cotton Outdoor Haze Dust Face Health Protection Face Macks with Eyes Bandana + 2 Filters (3pcs+6Filter),,6,-,https://amazon.com//Graphix-Outdoor-Protection-Bandana-Filters/dp/B0895TKMMR/ref=sr_1_284?dchild=1&keywords=Masks&qid=1594605021&sr=8-284
"StringKing Reusable Cloth Face Mask - Protection for Kids and Adults - USA-Made, Washable Face Masks (4 Pack - Adult - Black)",29.99,603,($7.50/Count),https://amazon.com//StringKing-Reusable-Cloth-Face-Mask/dp/B087WKJX6Z/ref=sr_1_285?dchild=1&keywords=Masks&qid=1594605021&sr=8-285
Beyond The Mask,3.99,685,-,https://amazon.com//Beyond-Mask-Andrew-Cheney/dp/B083FL7W1J/ref=sr_1_286?dchild=1&keywords=Masks&qid=1594605021&sr=8-286
"Lanier Wellness Adult Reusable Face Covers (Pack of 2), Blue/White",13.97,108,-,https://amazon.com//Lanier-Wellness-Adult-3-Layer-Reusable/dp/B087ZK8H56/ref=sr_1_287?dchild=1&keywords=Masks&qid=1594605021&sr=8-287
Elastic Band String 125 Yards (114 Meters) 1/4 Inch White and Nose Wire Strip(100pcs) Bundle,18.99,382,-,https://amazon.com//Elastic-String-Meters-100pcs-Bundle/dp/B086V23BMJ/ref=sr_1_288?dchild=1&keywords=Masks&qid=1594605021&sr=8-288
20PCS Adult PM2.5 Activated Carbon Filter Insert 5 Layers Replaceable Anti Haze Masks Filter Paper,15.99,43,-,https://amazon.com//Activated-Carbon-Filter-Insert-Replaceable/dp/B088NHVLC2/ref=sr_1_289?dchild=1&keywords=Masks&qid=1594605021&sr=8-289
EnCaier 50 Pack Disposable Face Masks - For Home & Office - 3-Ply Breathable & Comfortable Filter Safety Mask,17.99,39,($0.36/Count),https://amazon.com//EnCaier-Pack-Disposable-Face-Masks/dp/B08883KP7X/ref=sr_1_290?dchild=1&keywords=Masks&qid=1594605021&sr=8-290
PAMASE 3 Pcs American Flag Outdoor Face Mask- Multifunctional Seamless Microfiber American Flag UV Protection Face Neck Shields Headwear for Men&Women Motorcycle Hiking Cycling Ski Snowboard(Grey),16.99,"1,759",-,https://amazon.com//PAMASE-Multifunctional-Microfiber-Protection-Motorcycle/dp/B07PVF4W9H/ref=sr_1_291?dchild=1&keywords=Masks&qid=1594605021&sr=8-291
Brixton Reversible Face Mask Blue Engineer Stripe One Size,12.99,0,-,https://amazon.com//Brixton-Reversible-Face-Engineer-Stripe/dp/B089FB1TCT/ref=sr_1_292?dchild=1&keywords=Masks&qid=1594605021&sr=8-292
Buttonsmith Black Adult Cotton Adjustable Face Mask with Filter Pocket - Quantity 1 - Two Layer Soft T-Shirt Material - Washable - Made in The USA,14.99,17,($14.99/Count),https://amazon.com//Buttonsmith-Cotton-Adjustable-Filter-Pocket/dp/B08B7RRTF4/ref=sr_1_293?dchild=1&keywords=Masks&qid=1594605021&sr=8-293
"Pack of 500 Single Use Disposable Face Mask, 2 FREE Hand Sanitizer 8 Oz. Bottles included, Sanitizer Made in USA, 3-Ply Facial Cover Masks with Ear Loop",109.99,15,-,https://amazon.com//500-Single-Disposable-Sanitizer-Bottles-included/dp/B08BFHSL85/ref=sr_1_294?dchild=1&keywords=Masks&qid=1594605021&sr=8-294
Israeli NBC Gas Mask Filter Nato Specifications for 40mm Gas Masks,39.99,1,-,https://amazon.com//Israeli-Mask-Filter-Specifications-Masks/dp/B08C5MYPYH/ref=sr_1_295?dchild=1&keywords=Masks&qid=1594605021&sr=8-295
"Galloping Horse 3-ply Disposable Face Mask Pack Of 50 - Fast Ship From Usa - Dust & Droplet Protection, Home Office & Outdoor Use, 1count",29.95,0,-,https://amazon.com//Galloping-Horse-3-ply-Disposable-Face/dp/B088M9T928/ref=sr_1_296?dchild=1&keywords=Masks&qid=1594605021&sr=8-296
"3 Pcs Unisex Covering, 2 ply Breathable Face C-over, Adjustable Rave Face Madks for UV Sun,Blue",22.99,5,($22.99/Count),https://amazon.com//gp/slredirect/picassoRedirect.html/ref=pa_sp_btf_aps_sr_pg6_1?ie=UTF8&adId=A10126031QWP2JAQLK60U&url=%2FUnisex-Covering-Breathable-C-over-Adjustable%2Fdp%2FB089F7P9L9%2Fref%3Dsr_1_297_sspa%3Fdchild%3D1%26keywords%3DMasks%26qid%3D1594605021%26sr%3D8-297-spons%26psc%3D1&qualifier=1594605023&id=3877147551538419&widgetName=sp_btf
"Facial Protection Filtration 95%, Anti-Fog, Dust-Proof With activated carbon filter Adjustable Headgear Nose wire Full Face Protection Masks 1pcs（One mask plus two filters）",19.98,45,-,https://amazon.com//gp/slredirect/picassoRedirect.html/ref=pa_sp_btf_aps_sr_pg6_1?ie=UTF8&adId=A1024944112B9XWJSOUZL&url=%2FProtection-Filtration-Dust-Proof-activated-Adjustable%2Fdp%2FB08CD8C4J1%2Fref%3Dsr_1_298_sspa%3Fdchild%3D1%26keywords%3DMasks%26qid%3D1594605021%26sr%3D8-298-spons%26psc%3D1&qualifier=1594605023&id=3877147551538419&widgetName=sp_btf
"2 Pcs Washable Cotton Face Masc with Filter Pocket, Reusable Mouth Madks, Cloth Fabric Adjustable,Grey",24.99,0,-,https://amazon.com//gp/slredirect/picassoRedirect.html/ref=pa_sp_btf_aps_sr_pg6_1?ie=UTF8&adId=A002434539KHN0ODUVQAI&url=%2FWashable-Cotton-Filter-Reusable-Adjustable%2Fdp%2FB08CMW7PLV%2Fref%3Dsr_1_299_sspa%3Fdchild%3D1%26keywords%3DMasks%26qid%3D1594605021%26sr%3D8-299-spons%26psc%3D1&qualifier=1594605023&id=3877147551538419&widgetName=sp_btf
"2 PCS Washable Reusable Adjustable Cotton Face Madks, B2G",24.99,79,-,https://amazon.com//gp/slredirect/picassoRedirect.html/ref=pa_sp_btf_aps_sr_pg6_1?ie=UTF8&adId=A02827933GYP2YZYKKC8O&url=%2FWashable-Reusable-Adjustable-Cotton-Madks%2Fdp%2FB089SRNLFF%2Fref%3Dsr_1_300_sspa%3Fdchild%3D1%26keywords%3DMasks%26qid%3D1594605021%26sr%3D8-300-spons%26psc%3D1&qualifier=1594605023&id=3877147551538419&widgetName=sp_btf
Solid Color 3D Face Madks Reusable Washable with Adjustable Ear Loops Nose Wire,18.99,0,-,https://amazon.com//gp/slredirect/picassoRedirect.html/ref=pa_sp_atf_next_aps_sr_pg7_1?ie=UTF8&adId=A0695841WYTGHAG0QI94&url=%2FReusable-Washable-Adjustable-Breathable-Protective%2Fdp%2FB08BKZKWBD%2Fref%3Dsr_1_289_sspa%3Fdchild%3D1%26keywords%3DMasks%26qid%3D1594605023%26sr%3D8-289-spons%26psc%3D1&qualifier=1594605025&id=8287349834985460&widgetName=sp_atf_next
"Five-layer filter, dust-proof, anti-pollen, anti-fog, US warehouse delivery, fast delivery, 7 days delivery (10)",28.88,0,-,https://amazon.com//gp/slredirect/picassoRedirect.html/ref=pa_sp_atf_next_aps_sr_pg7_1?ie=UTF8&adId=A060108934UR4AFGC2606&url=%2FFive-layer-dust-proof-anti-pollen-anti-fog-warehouse%2Fdp%2FB08CCFWGZL%2Fref%3Dsr_1_290_sspa%3Fdchild%3D1%26keywords%3DMasks%26qid%3D1594605023%26sr%3D8-290-spons%26psc%3D1&qualifier=1594605025&id=8287349834985460&widgetName=sp_atf_next
"5-Layer Filter, dustproof, Anti-Pollen, Anti-Fog, Fast delivery,20PCS,",47.77,0,-,https://amazon.com//gp/slredirect/picassoRedirect.html/ref=pa_sp_atf_next_aps_sr_pg7_1?ie=UTF8&adId=A0601033U330BA700MUZ&url=%2F5-Layer-dustproof-Anti-Pollen-Anti-Fog-delivery%2Fdp%2FB08CCH599L%2Fref%3Dsr_1_291_sspa%3Fdchild%3D1%26keywords%3DMasks%26qid%3D1594605023%26sr%3D8-291-spons%26psc%3D1&qualifier=1594605025&id=8287349834985460&widgetName=sp_atf_next
"face and Neck Protectors for Men and Women Motorcycle Riding mask Turban， Multi-Functional Seamless Ultra-fine ice Silk UV Protection, dustproof（1 Pcs）",12.99,4,-,https://amazon.com//gp/slredirect/picassoRedirect.html/ref=pa_sp_atf_next_aps_sr_pg7_1?ie=UTF8&adId=A06183562C2YV37OKPRG5&url=%2FProtectors-Motorcycle-Multi-Functional-Ultra-fine-dustproof%25EF%25BC%25881%2Fdp%2FB08CNDQPBG%2Fref%3Dsr_1_292_sspa%3Fdchild%3D1%26keywords%3DMasks%26qid%3D1594605023%26sr%3D8-292-spons%26psc%3D1&qualifier=1594605025&id=8287349834985460&widgetName=sp_atf_next
"Foot Peel Mask - 2 Pack - For Cracked Heels, Dead Skin & Calluses - Make Your Feet Baby Soft & Get a Smooth Skin, Removes & Repairs Rough Heels, Dry Toe Skin - Exfoliating Peeling Natural Treatment",29.99,"5,108",($15.00/Count),https://amazon.com//Pairs-Exfoliating-Foot-Peel-Mask/dp/B078WCTVV9/ref=sr_1_293?dchild=1&keywords=Masks&qid=1594605023&sr=8-293
"100-Pack 3-PLY Disposable Face Mask, Perfect Fit, (Two-50 Packs)",20.99,0,More Buying Choices,https://amazon.com//100-Pack-3-PLY-Disposable-Perfect-Two-50/dp/B08C9CL8GD/ref=sr_1_294?dchild=1&keywords=Masks&qid=1594605023&sr=8-294
Triple Layer Layer Reusable Black Covers by Pegasus is made from Cotton double Muslin Combo with Filter Slots for Protection (B),22.99,10,($3.83/Count),https://amazon.com//Triple-Reusable-Covers-Pegasus-Protection/dp/B0881XC515/ref=sr_1_295?dchild=1&keywords=Masks&qid=1594605023&sr=8-295
Amazon Essentials Men's Regular-Fit Long-Sleeve Plaid Flannel Shirt,18.00,"5,731",-,https://amazon.com//Amazon-Essentials-Regular-Fit-Long-Sleeve-XX-Large/dp/B073XP65KN/ref=sr_1_296?dchild=1&keywords=Masks&qid=1594605023&sr=8-296
20PCS PM2.5 Activated Carbon Filter Replaceable Anti Haze Filter Paper Pad for Mouth Cover,12.21,67,-,https://amazon.com//20PCS-Activated-Carbon-Filter-Replaceable/dp/B087JXTG3G/ref=sr_1_297?dchild=1&keywords=Masks&qid=1594605023&sr=8-297
50PCS Disposable Face Mask Mouth Face Cover Dust-Proof Personal Protection,27.99,25,($0.56/Count),https://amazon.com//50PCS-Disposable-Dust-Proof-Personal-Protection/dp/B08974MS9J/ref=sr_1_298?dchild=1&keywords=Masks&qid=1594605023&sr=8-298
20PCS PCS Adult PM2.5 Activated Carbon Filter 5 Layers Replaceable Anti Haze Filter Paper (20PCS),15.95,118,More Buying Choices,https://amazon.com//Activated-Carbon-Filter-Layers-Replaceable/dp/B087N8BXVX/ref=sr_1_299?dchild=1&keywords=Masks&qid=1594605023&sr=8-299
"3-PLY Disposable Face Mask, Perfect Fit, 10 Packages of 10 Mask - 100 PACK",19.00,10,More Buying Choices,https://amazon.com//3-PLY-Disposable-Face-Perfect-Packages/dp/B0879JTRWZ/ref=sr_1_300?dchild=1&keywords=Masks&qid=1594605023&sr=8-300
"Disposable Face Mask (White), Pack of 50, with 3 Ply Breathable Filter Layer for Men, Women and Kids, 2x Adjustable Face Mask Extender Strap Included",29.99,59,More Buying Choices,https://amazon.com//Disposable-Breathable-Adjustable-Extender-Included/dp/B0888TP7KX/ref=sr_1_301?dchild=1&keywords=Masks&qid=1594605023&sr=8-301
O'Neill Fashion Mask Camo One Size,11.00,0,-,https://amazon.com//ONeill-Fashion-Mask-Camo-Size/dp/B08BLWT8TT/ref=sr_1_302?dchild=1&keywords=Masks&qid=1594605023&sr=8-302
"3 Pack Unisex Face Covering, Facial Covering with Adjustable Nose Clip,Black Dust Cotton, Washable, Reusable Cotton Fabric for Men and Women【US in Stock】",14.98,21,($4.99/Count),https://amazon.com//Covering-Adjustable-Washable-Reusable-Women%E3%80%90US/dp/B089WGY5SZ/ref=sr_1_303?dchild=1&keywords=Masks&qid=1594605023&sr=8-303
"5PCS Fashion Protective, Unisex Black Dust Cotton, Washable, Reusable Cotton Fabric",18.99,69,($18.99/Count),https://amazon.com//Fashion-Protective-Unisex-Washable-Reusable/dp/B088QCS3MB/ref=sr_1_304?dchild=1&keywords=Masks&qid=1594605023&sr=8-304
"2 Pack Face mask Cover with 2 PM 2.5 filter, Washable mask, Reusable. Anti dust, Cloth face mask with filter… (Blue/Gray)",19.75,0,-,https://amazon.com//Cover-filter-Washable-Reusable-Cloth/dp/B08BJS566C/ref=sr_1_305?dchild=1&keywords=Masks&qid=1594605023&sr=8-305
"Fashion Protective Face Mask Dust Cotton Mouth Washable Reusable Mask with Replacement Filter Slot, Made in Korea (4 Packs) (black)",31.99,537,($8.00/Count),https://amazon.com//Fashion-Protective-Washable-Reusable-Replacement/dp/B086HL96V6/ref=sr_1_306?dchild=1&keywords=Masks&qid=1594605023&sr=8-306
"Daily Face Cover, 3 Pcs Anti Particle Dust Washable Reusable Skin Friendly Face Cover For Outdoor Windproof",15.99,13,($6.48/Ounce),https://amazon.com//Particle-Washable-Reusable-Friendly-Windproof/dp/B0875NSZ7K/ref=sr_1_307?dchild=1&keywords=Masks&qid=1594605023&sr=8-307
"Sleep Mask 3 Pack, Upgraded 3D Contoured 100% Blackout Eye Mask for Sleeping with Adjustable Strap, Comfortable & Soft Night Blindfold for Women Men, Eye Shades for Travel/Naps, Purple/Gray/Blue",11.99,"4,382",($11.99/Count),https://amazon.com//Upgraded-Contoured-Adjustable-Comfortable-Blindfold/dp/B087M734RM/ref=sr_1_308?dchild=1&keywords=Masks&qid=1594605023&sr=8-308
"5 PCS Washable Reusable 2 Layers Breathable Face Madks Facial M_ask C-over, B",28.99,7,-,https://amazon.com//gp/slredirect/picassoRedirect.html/ref=pa_sp_mtf_aps_sr_pg7_1?ie=UTF8&adId=A02901693BUZHQDRWUQG3&url=%2FLavable-reutilizable-transpirable-rostro-C-over%2Fdp%2FB089GQWMMR%2Fref%3Dsr_1_309_sspa%3Fdchild%3D1%26keywords%3DMasks%26qid%3D1594605023%26sr%3D8-309-spons%26psc%3D1&qualifier=1594605025&id=8287349834985460&widgetName=sp_mtf
"YOUNG LOVE Men Women Washable Face C-Over Face_M-Asks, Light Blue,3 Pack",16.99,1,-,https://amazon.com//gp/slredirect/picassoRedirect.html/ref=pa_sp_mtf_aps_sr_pg7_1?ie=UTF8&adId=A04742021D1S1PDWCDDB8&url=%2FPara-hombre-mujer-talla-%25C3%25BAnica%2Fdp%2FB0887YBW18%2Fref%3Dsr_1_310_sspa%3Fdchild%3D1%26keywords%3DMasks%26qid%3D1594605023%26sr%3D8-310-spons%26psc%3D1&qualifier=1594605025&id=8287349834985460&widgetName=sp_mtf
"Facial Protection Filtration, Anti-Fog, Dust-Proof With activated carbon filter Adjustable Nose wire Headgear Full Face Protection Reusable Face Health Masks",19.99,16,-,https://amazon.com//gp/slredirect/picassoRedirect.html/ref=pa_sp_mtf_aps_sr_pg7_1?ie=UTF8&adId=A0985928R3JX5LYP8UYD&url=%2FProtection-Filtration-Dust-Proof-activated-Adjustable%2Fdp%2FB08CRYNB57%2Fref%3Dsr_1_311_sspa%3Fdchild%3D1%26keywords%3DMasks%26qid%3D1594605023%26sr%3D8-311-spons%26psc%3D1&qualifier=1594605025&id=8287349834985460&widgetName=sp_mtf
"3 PCS Women Men 2 Layer Breathable Reusable Cloth Face Madks, Multi8",24.99,3,-,https://amazon.com//gp/slredirect/picassoRedirect.html/ref=pa_sp_mtf_aps_sr_pg7_1?ie=UTF8&adId=A060615515JHU2S4TQ5VH&url=%2FWomen-Layer-Breathable-Reusable-Multi8%2Fdp%2FB08BRHQ11X%2Fref%3Dsr_1_312_sspa%3Fdchild%3D1%26keywords%3DMasks%26qid%3D1594605023%26sr%3D8-312-spons%26psc%3D1&qualifier=1594605025&id=8287349834985460&widgetName=sp_mtf
"EVGLOW Mask Strap Extender,Anti-Tightening Mask Holder Hook Ear Strap 2020 Update",9.99,141,-,https://amazon.com//Extender-Anti-Tightening-Accessories-Extension-Relieved/dp/B087LX7TJN/ref=sr_1_313?dchild=1&keywords=Masks&qid=1594605023&sr=8-313
Dickies Men's Short-Sleeve Coverall,34.32,"3,343",-,https://amazon.com//Dickies-camisa-overol-mangas-cortas/dp/B005FXH41A/ref=sr_1_314?dchild=1&keywords=Masks&qid=1594605023&sr=8-314
"2 Pcs Washable Cotton Face Masc with Filter Pocket, Reusable Mouth Madks, Cloth Fabric Adjustable,Black-A",24.99,0,-,https://amazon.com//gp/slredirect/picassoRedirect.html/ref=pa_sp_btf_aps_sr_pg7_1?ie=UTF8&adId=A0016589GMB9QM7I6WKC&url=%2FWashable-Cotton-Filter-Reusable-Adjustable%2Fdp%2FB08CN2R9KY%2Fref%3Dsr_1_315_sspa%3Fdchild%3D1%26keywords%3DMasks%26qid%3D1594605023%26sr%3D8-315-spons%26psc%3D1&qualifier=1594605025&id=8287349834985460&widgetName=sp_btf
"Facial Protection Filtration 95%, Anti-Fog, Dust-Proof With activated Headgear Nose wire Full Face Protection Masks",16.99,38,-,https://amazon.com//gp/slredirect/picassoRedirect.html/ref=pa_sp_btf_aps_sr_pg7_1?ie=UTF8&adId=A08610392HFIJ22RZT103&url=%2FProtection-Filtration-Anti-Fog-Dust-Proof-activated%2Fdp%2FB08CDDL9LQ%2Fref%3Dsr_1_316_sspa%3Fdchild%3D1%26keywords%3DMasks%26qid%3D1594605023%26sr%3D8-316-spons%26psc%3D1&qualifier=1594605025&id=8287349834985460&widgetName=sp_btf
"LRKC Cycling Face Cover, Activated Carbon Windproof Madks with F-ilter for Outdoor Sportswear",39.99,8,-,https://amazon.com//gp/slredirect/picassoRedirect.html/ref=pa_sp_btf_aps_sr_pg7_1?ie=UTF8&adId=A00621032676FQ35S3FHD&url=%2FLRKC-Included-Replaceable-Washable-Additional%2Fdp%2FB08CKBWQJM%2Fref%3Dsr_1_317_sspa%3Fdchild%3D1%26keywords%3DMasks%26qid%3D1594605023%26sr%3D8-317-spons%26psc%3D1&qualifier=1594605025&id=8287349834985460&widgetName=sp_btf
"Facial Protection Filtration 95%, Anti-Fog, Dust-Proof Adjustable reusable and washable Headgear Full Face Protection Masks",17.99,40,-,https://amazon.com//gp/slredirect/picassoRedirect.html/ref=pa_sp_btf_aps_sr_pg7_1?ie=UTF8&adId=A08905922YMOC2GKP3UBT&url=%2FProtecci%25C3%25B3n-filtraci%25C3%25B3n-antiniebla-reutilizable-protecci%25C3%25B3n%2Fdp%2FB089CQ5JXJ%2Fref%3Dsr_1_318_sspa%3Fdchild%3D1%26keywords%3DMasks%26qid%3D1594605023%26sr%3D8-318-spons%26psc%3D1&qualifier=1594605025&id=8287349834985460&widgetName=sp_btf
