name,price,num_reviews,per_cnt_price,url,timestamp
"Disposable Face Mask, Breathable Masks (Pack of 50)",28.99,189,($0.58/Count),https://amazon.com//gp/slredirect/picassoRedirect.html/ref=pa_sp_atf_aps_sr_pg1_1?ie=UTF8&adId=A00897123VBVNB8BN425U&url=%2FDisposable-Face-Mask-Breathable-Masks%2Fdp%2FB089HW9VSV%2Fref%3Dsr_1_1_sspa%3Fdchild%3D1%26keywords%3DMasks%26qid%3D1594841003%26sr%3D8-1-spons%26psc%3D1&qualifier=1594841003&id=8118751811044430&widgetName=sp_atf,2020-07-15 15:23:27
"Face Masks, Pack of 50, Comfortable to wear, Adult",29.98,3,($0.60/Count),https://amazon.com//gp/slredirect/picassoRedirect.html/ref=pa_sp_atf_aps_sr_pg1_1?ie=UTF8&adId=A08186131EI4O72HARKGZ&url=%2FFace-Masks-Pack-Comfortable-Adult%2Fdp%2FB08BF78VR3%2Fref%3Dsr_1_2_sspa%3Fdchild%3D1%26keywords%3DMasks%26qid%3D1594841003%26sr%3D8-2-spons%26psc%3D1&qualifier=1594841003&id=8118751811044430&widgetName=sp_atf,2020-07-15 15:23:27
"Face Mask Disposable Masks in packs of 50, 100, 250, or 500 pieces - Breathable, 3-Ply, Non-Medical bulk Masks (50 pack)",17.99,4,($0.36/Count),https://amazon.com//gp/slredirect/picassoRedirect.html/ref=pa_sp_atf_aps_sr_pg1_1?ie=UTF8&adId=A10238981HDI0MKWRUT1H&url=%2FFace-Disposable-Masks-packs-pieces%2Fdp%2FB08BX78DJD%2Fref%3Dsr_1_3_sspa%3Fdchild%3D1%26keywords%3DMasks%26qid%3D1594841003%26sr%3D8-3-spons%26psc%3D1&qualifier=1594841003&id=8118751811044430&widgetName=sp_atf,2020-07-15 15:23:27
Face Masks - 50 Pack - Comfortable to wear,34.99,8,($0.70/Count),https://amazon.com//gp/slredirect/picassoRedirect.html/ref=pa_sp_atf_aps_sr_pg1_1?ie=UTF8&adId=A0236426374NPAUE4BDPK&url=%2FFace-Masks-Pack-Comfortable-wear%2Fdp%2FB089GV9LTX%2Fref%3Dsr_1_4_sspa%3Fdchild%3D1%26keywords%3DMasks%26qid%3D1594841003%26sr%3D8-4-spons%26psc%3D1&qualifier=1594841003&id=8118751811044430&widgetName=sp_atf,2020-07-15 15:23:27
"KN95 Face Mask, Pack of 5",20.00,17,($4.00/Item),https://amazon.com//KN95-Face-Mask-Pack-5/dp/B086JBZXPT/ref=sr_1_5?dchild=1&keywords=Masks&qid=1594841003&sr=8-5,2020-07-15 15:23:27
"SupplyAID RRS-KN95-5PK KN95 Mask, Protection Against PM2.5 Dust. Pollen and Haze-Proof, 5 Pack",17.78,79,($3.56/Count),https://amazon.com//SupplyAID-RRS-KN95-5PK-Protection-Against-Haze-Proof/dp/B086JD7TKZ/ref=sr_1_6?dchild=1&keywords=Masks&qid=1594841003&sr=8-6,2020-07-15 15:23:27
"KN95 Face Mask, Pack of 10",35.55,5,($3.56/Item),https://amazon.com//KN95-Face-Mask-Pack-10/dp/B086JTS3D8/ref=sr_1_7?dchild=1&keywords=Masks&qid=1594841003&sr=8-7,2020-07-15 15:23:27
"Feradyne KN95 Mask PPE5012 GB 2626-2006, pack of 10 mask",31.27,3,($3.13/Item),https://amazon.com//Feradyne-KN95-Mask-PPE5012-2626-2006/dp/B086R883Q8/ref=sr_1_8?dchild=1&keywords=Masks&qid=1594841003&sr=8-8,2020-07-15 15:23:27
"KN95 Face Mask, GB2626-2006, Pack of 20",62.99,43,($3.15/Item),https://amazon.com//KN95-Face-Mask-GB2626-2006-Pack/dp/B087RJ9JCF/ref=sr_1_9?dchild=1&keywords=Masks&qid=1594841003&sr=8-9,2020-07-15 15:23:27
"KN95 Mask - Non-NIOSH Approved Respirator, pack of 50",132.15,2,($2.64/Item),https://amazon.com//KN95-Mask-Non-NIOSH-Approved-Respirator/dp/B086W7BKZZ/ref=sr_1_10?dchild=1&keywords=Masks&qid=1594841003&sr=8-10,2020-07-15 15:23:27
Kids Single Use Disposable Face Mask (Pack of 50),30.87,24,-,https://amazon.com//Kids-Single-Disposable-Face-Solid/dp/B087Z8GB88/ref=sr_1_11?dchild=1&keywords=Masks&qid=1594841003&sr=8-11,2020-07-15 15:23:27
"Wembley Unisex Laboratory-Tested Adjustable and Washable Silver Linings Face Mask with 10- Replaceable Filters, Beige, One Size",19.99,23,-,https://amazon.com//Wembley-Laboratory-Tested-Adjustable-Washable-Replaceable/dp/B0892SKYXV/ref=sr_1_12?dchild=1&keywords=Masks&qid=1594841003&sr=8-12,2020-07-15 15:23:27
Modenna Face Mask Disposable Blue 50Pcs,19.99,"3,726",($0.40/Count),https://amazon.com//Modenna-Face-Mask-Disposable-50Pcs/dp/B086HKN7SS/ref=sr_1_13?dchild=1&keywords=Masks&qid=1594841003&sr=8-13,2020-07-15 15:23:27
"5 Pack Fashion Protective, Reusable Cotton Fabric, Unisex Black Cotton, Washable",23.60,696,($4.72/Count),https://amazon.com//Fashion-Protective-Reusable-Cotton-Washable/dp/B087LXGQW6/ref=sr_1_14?dchild=1&keywords=Masks&qid=1594841003&sr=8-14,2020-07-15 15:23:27
"Face Mask, Pack of 50",29.99,"12,632",($0.60/Item),https://amazon.com//Face-Mask-Pack-of-50/dp/B086KMYNSS/ref=sr_1_15?dchild=1&keywords=Masks&qid=1594841003&sr=8-15,2020-07-15 15:23:27
"Face Mask, Pack of 50",29.99,"2,252",($0.60/Item),https://amazon.com//Face-Mask-Pack-of-50/dp/B086JBF8F3/ref=sr_1_16?dchild=1&keywords=Masks&qid=1594841003&sr=8-16,2020-07-15 15:23:27
"1 Pack Dust_mask Reusable Respirators Unisex Mouth_mask Adjustable for Allergies Woodworking,Cycling, Running,Outdoor Sports, Black with 4 Filters",17.99,57,-,https://amazon.com//gp/slredirect/picassoRedirect.html/ref=pa_sp_mtf_aps_sr_pg1_1?ie=UTF8&adId=A0031193R26GSQUUKURQ&url=%2FDust_mask-Respirators-Mouth_mask-Adjustable-Woodworking%2Fdp%2FB087LV8N93%2Fref%3Dsr_1_17_sspa%3Fdchild%3D1%26keywords%3DMasks%26qid%3D1594841003%26sr%3D8-17-spons%26psc%3D1&qualifier=1594841003&id=8118751811044430&widgetName=sp_mtf,2020-07-15 15:23:27
"Designer Cotton Reusable Face Mask - Protective Fabric Face Cover Piece Set, Washable & Breathable Mouth Mask (4)",22.99,3,($5.75/Item),https://amazon.com//gp/slredirect/picassoRedirect.html/ref=pa_sp_mtf_aps_sr_pg1_1?ie=UTF8&adId=A01977693TMZCVWOA9CZJ&url=%2FDesigner-Cotton-Reusable-Face-Mask%2Fdp%2FB08BJFZMPP%2Fref%3Dsr_1_18_sspa%3Fdchild%3D1%26keywords%3DMasks%26qid%3D1594841003%26sr%3D8-18-spons%26psc%3D1&qualifier=1594841003&id=8118751811044430&widgetName=sp_mtf,2020-07-15 15:23:27
"Pure Cotton Reusable Face Mask - Protective Fabric Face Cover 3 Piece Set, Washable & Breathable Mouth Mask (Black,White,Blue)",11.99,101,($4.00/Count),https://amazon.com//gp/slredirect/picassoRedirect.html/ref=pa_sp_mtf_aps_sr_pg1_1?ie=UTF8&adId=A1024196200P6GEZBRL6W&url=%2FPure-Cotton-Reusable-Face-Mask%2Fdp%2FB088THXCXJ%2Fref%3Dsr_1_19_sspa%3Fdchild%3D1%26keywords%3DMasks%26qid%3D1594841003%26sr%3D8-19-spons%26psc%3D1&qualifier=1594841003&id=8118751811044430&widgetName=sp_mtf,2020-07-15 15:23:27
"3ply Disposable Face Mask, 50 Count",29.99,278,($0.60/Count),https://amazon.com//3ply-Disposable-Face-Mask-Count/dp/B08852WYM2/ref=sr_1_20?dchild=1&keywords=Masks&qid=1594841003&sr=8-20,2020-07-15 15:23:27
"5 Pack Fashion Protective, Unisex Black Dust Cotton, Reusable Cotton Fabric",19.88,420,($3.98/Count),https://amazon.com//Fashion-Protective-Unisex-Cotton-Reusable/dp/B088K63VYJ/ref=sr_1_21?dchild=1&keywords=Masks&qid=1594841003&sr=8-21,2020-07-15 15:23:27
"Disposable Face Mask, Pack of 50, New Packaging",29.99,186,($0.60/Count),https://amazon.com//Disposable-Face-Mask-Pack-Packaging/dp/B088GKG1RN/ref=sr_1_22?dchild=1&keywords=Masks&qid=1594841003&sr=8-22,2020-07-15 15:23:27
"MSAAEX Disposable Face Mask for Air Pollution, Dustproof Mouth Cover, 3-ply Safety Mask (50)",19.88,255,($0.40/Count),https://amazon.com//MSAAEX-Disposable-Pollution-Dustproof-Safety/dp/B087X9RZTD/ref=sr_1_23?dchild=1&keywords=Masks&qid=1594841003&sr=8-23,2020-07-15 15:23:27
"Single Use Disposable Face Mask (Pack of 50), Blue",29.99,933,($0.60/Item),https://amazon.com//Single-Disposable-Face-Mask-Pack/dp/B086T638CS/ref=sr_1_24?dchild=1&keywords=Masks&qid=1594841003&sr=8-24,2020-07-15 15:23:27
Reusable Cotton Face Mask (Pack of 50),30.99,"1,377",-,https://amazon.com//Reusable-Cotton-Face-Mask-Pack/dp/B086WC1LDD/ref=sr_1_25?dchild=1&keywords=Masks&qid=1594841003&sr=8-25,2020-07-15 15:23:27
iHeartRaves Seamless Face Cover Mouth Mask Scarf Bandanas Neck Gaiter - Dust & UV Sun-Protection for Festivals and Outdoors,12.95,169,-,https://amazon.com//iHeartRaves-Star-Search-Seamless-Bandana/dp/B07B6963P6/ref=sr_1_26?dchild=1&keywords=Masks&qid=1594841003&sr=8-26,2020-07-15 15:23:27
"Disposable Masks, AXHKIO Disposable Breathable 3 Ply Mask, with Elastic Earloops (50 Pcs)",25.99,46,($0.52/Count),https://amazon.com//Disposable-AXHKIO-Breathable-Elastic-Earloops/dp/B0897QFZ1R/ref=sr_1_27?dchild=1&keywords=Masks&qid=1594841003&sr=8-27,2020-07-15 15:23:27
The Mask,14.99,"2,645",-,https://amazon.com//Mask-Jim-Carrey/dp/B008UCCKSU/ref=sr_1_28?dchild=1&keywords=Masks&qid=1594841003&sr=8-28,2020-07-15 15:23:27
"Dust mask with Filter,Sports Face Mask, 4 Filters and 2 Valves Included,Men's and Women's Universal Masks,Suitable for Woodworking, Outdoor Activities",24.99,26,($29.75/100 g),https://amazon.com//Included-Universal-Suitable-Woodworking-Activities/dp/B08738MMY9/ref=sr_1_29?dchild=1&keywords=Masks&qid=1594841003&sr=8-29,2020-07-15 15:23:27
INTO THE AM Seamless Face Cover Mouth Mask Scarf Bandanas Neck Gaiter - Dust & UV Sun-Protection for Festivals and Outdoors,12.95,257,-,https://amazon.com//INTO-AM-Matter-Seamless-Bandana/dp/B07B67XGS7/ref=sr_1_30?dchild=1&keywords=Masks&qid=1594841003&sr=8-30,2020-07-15 15:23:27
[Pack of 10] [CARE ON] 4-Layers ::KF94 Certified:: Face Safety Mask with Ear Loop for Adult [Individually Packaged] Comfortable & Better Protection from Fine Dust [Made in KOREA],39.99,6,($4.00/Count),https://amazon.com//Pack-CARE-4-Layers-Individually-Comfortable/dp/B08BJF9ZG4/ref=sr_1_31?dchild=1&keywords=Masks&qid=1594841003&sr=8-31,2020-07-15 15:23:27
"Cover for Outdoor, Sports Fashion Protection, Neutral Black dustproof Cotton, Washable, Reusable Cotton Fabric",34.95,105,($34.95/Count),https://amazon.com//gp/slredirect/picassoRedirect.html/ref=pa_sp_mtf_aps_sr_pg1_1?ie=UTF8&adId=A03484353JKJGARP4IZ6S&url=%2FOutdoor-Protection-dustproof-Washable-Reusable%2Fdp%2FB088LDVPHX%2Fref%3Dsr_1_32_sspa%3Fdchild%3D1%26keywords%3DMasks%26qid%3D1594841003%26sr%3D8-32-spons%26psc%3D1&qualifier=1594841003&id=8118751811044430&widgetName=sp_mtf,2020-07-15 15:23:27
"4pcsDust_mask Reusable Respirators Unisex Mouth_mask Adjustable for Allergies Woodworking,Cycling, Running,Outdoor Sports, Reusable Washable",10.99,0,($10.99/Count),https://amazon.com//gp/slredirect/picassoRedirect.html/ref=pa_sp_mtf_aps_sr_pg1_1?ie=UTF8&adId=A05175531IXOVWWH4FKWJ&url=%2F4pcsDust_mask-Respirators-Mouth_mask-Adjustable-Woodworking%2Fdp%2FB08C5HZFCW%2Fref%3Dsr_1_33_sspa%3Fdchild%3D1%26keywords%3DMasks%26qid%3D1594841003%26sr%3D8-33-spons%26psc%3D1&qualifier=1594841003&id=8118751811044430&widgetName=sp_mtf,2020-07-15 15:23:27
"3 Pack Unisex Reusable Pleated Fabric Face Mask with Adjustable Elastic, 2 Layer, Washable, Nose Wire (Size OS, 3 Pack)",17.49,39,($5.83/Count),https://amazon.com//gp/slredirect/picassoRedirect.html/ref=pa_sp_mtf_aps_sr_pg1_1?ie=UTF8&adId=A0407287303F0LY118TNF&url=%2FReusable-Pleated-Adjustable-Elastic-Washable%2Fdp%2FB089T5Z342%2Fref%3Dsr_1_34_sspa%3Fdchild%3D1%26keywords%3DMasks%26qid%3D1594841003%26sr%3D8-34-spons%26psc%3D1&qualifier=1594841003&id=8118751811044430&widgetName=sp_mtf,2020-07-15 15:23:27
Gildan Reusable Adult Tie-On Triple Layer Mask (Pack of 48),39.99,298,-,https://amazon.com//Gildan-Reusable-Adult-Triple-Layer/dp/B086QS2YHF/ref=sr_1_35?dchild=1&keywords=Masks&qid=1594841003&sr=8-35,2020-07-15 15:23:27
Disposable Face Mask - Pack of 50 - Blue,29.99,449,($0.60/Item),https://amazon.com//Disposable-Face-Mask-Pack-Blue/dp/B086MPXGKJ/ref=sr_1_36?dchild=1&keywords=Masks&qid=1594841003&sr=8-36,2020-07-15 15:23:27
Quality Durables Adults and Kids 4-Pack Reusable Face Covering,18.00,427,-,https://amazon.com//Quality-Durables-Reusable-Covering-Heather/dp/B088BWP7VH/ref=sr_1_37?dchild=1&keywords=Masks&qid=1594841003&sr=8-37,2020-07-15 15:23:27
"Disposable Face Mask, Pack of 50",29.99,219,($0.60/Item),https://amazon.com//Disposable-Face-Mask-Pack-50/dp/B0877TJL3M/ref=sr_1_38?dchild=1&keywords=Masks&qid=1594841003&sr=8-38,2020-07-15 15:23:27
"TomrickCare Face Masks, 3-Ply Breathable Masks 5 sets of 10 per Box,  Comfortable Earloops(50 Pack)",29.98,148,($0.60/Count),https://amazon.com//TomrickCare-Masks-Breathable-Comfortable-Earloops/dp/B0892T3YLS/ref=sr_1_39?dchild=1&keywords=Masks&qid=1594841003&sr=8-39,2020-07-15 15:23:27
"Levi's Men's 100% Cotton Multi-Purpose Bandana Gift Sets – Headband, Wrap, Protective Coverage",15.85,"3,157",-,https://amazon.com//Levis-Bandanas-Gift-White-Black/dp/B0765YZMZ6/ref=sr_1_40?dchild=1&keywords=Masks&qid=1594841003&sr=8-40,2020-07-15 15:23:27
50 Pcs Disposable Face Cover 3-Ply Filter Non Medical Breathable Earloop Masks (Orange),25.99,2,-,https://amazon.com//Disposable-Filter-Medical-Breathable-Earloop/dp/B08BWY3XL4/ref=sr_1_41?dchild=1&keywords=Masks&qid=1594841003&sr=8-41,2020-07-15 15:23:27
3pcs/Pack Dust Masks Breathable Reusable for Outdoor Sport Half Face Earloop Masks Dust Pollen Cotton Black Masks (Black),14.99,239,($5.00/Count),https://amazon.com//Breathable-Reusable-Outdoor-Earloop-Pollen/dp/B086R5TCNK/ref=sr_1_42?dchild=1&keywords=Masks&qid=1594841003&sr=8-42,2020-07-15 15:23:27
Reusable Face Cover (Pack of 3),16.04,780,($5.35/Item),https://amazon.com//Reusable-Face-Cover-Pack-3/dp/B086ZMN1N3/ref=sr_1_43?dchild=1&keywords=Masks&qid=1594841003&sr=8-43,2020-07-15 15:23:27
"Disposable Face Mask, ESOLOM 3-Ply Facial Cover Masks with Ear Loop, Breathable Non-Woven Mouth Cover for Personal, Suitable for Home, Office, Outdoor- 50 PCS",24.99,484,($0.50/Count),https://amazon.com//Disposable-ESOLOM-Breathable-Non-Woven-Personal/dp/B086QLH269/ref=sr_1_44?dchild=1&keywords=Masks&qid=1594841003&sr=8-44,2020-07-15 15:23:27
"Disposable Face Mask, Breathable Masks (2 x 50 Boxes) 100 count",52.99,29,($0.53/count),https://amazon.com//Disposable-Breathable-Masks-Boxes-count/dp/B08BN1YTPQ/ref=sr_1_45?dchild=1&keywords=Masks&qid=1594841003&sr=8-45,2020-07-15 15:23:27
6 Pack Fabric Face Mask Reusable Double Fabric Layers - Made in USA (6 Pack),27.99,515,($4.67/Count),https://amazon.com//Pack-Fabric-Reusable-Double-Layers/dp/B087W4D243/ref=sr_1_46?dchild=1&keywords=Masks&qid=1594841003&sr=8-46,2020-07-15 15:23:27
"50pcs Disposable Face Mask, Safty Masks, Mouth Masks 3-Ply with Elastic Earloops, Breathable Non-woven Mouth Filter Covers for Home, Office, Outdoor - White",19.98,43,($0.40/Count),https://amazon.com//Disposable-Elastic-Earloops-Breathable-Non-woven/dp/B087YWW2PL/ref=sr_1_47?dchild=1&keywords=Masks&qid=1594841003&sr=8-47,2020-07-15 15:23:27
"CKW 3 Ply Disposable Protective Mask, 50 Masks in Box, Blue, 19x10x8.8cm",28.90,629,($0.58/Count),https://amazon.com//CKW-Disposable-Protective-Masks-19x10x8-8cm/dp/B086Y21B7Z/ref=sr_1_48?dchild=1&keywords=Masks&qid=1594841003&sr=8-48,2020-07-15 15:23:27
ZUBREX Disposable 3 Ply Safety Face Mask for Protection - with Nanofiber Filter Lining - and Elastic Earloops - 50 Pcs (Blue),29.99,476,More Buying Choices,https://amazon.com//ZUBREX-Disposable-Safety-Face-Protection/dp/B088BY7YPX/ref=sr_1_49?dchild=1&keywords=Masks&qid=1594841003&sr=8-49,2020-07-15 15:23:27
"Disposable Face Masks, 3 Layers Breathable and Comfortable Elastic Ear Loop, Pack of 50 PCS",29.99,231,($0.60/Count),https://amazon.com//Disposable-Layers-Breathable-Comfortable-Elastic/dp/B088M6YFDJ/ref=sr_1_50?dchild=1&keywords=Masks&qid=1594841003&sr=8-50,2020-07-15 15:23:27
TODOLOR Face Mask 3-Layer Protective Earloop Blue 50Pcs,19.99,179,($0.40/Count),https://amazon.com//TODOLOR-3-Layer-Protective-Earloop-50Pcs/dp/B087Z5BD9H/ref=sr_1_51?dchild=1&keywords=Masks&qid=1594841003&sr=8-51,2020-07-15 15:23:27
Fashion Mouth Protection Unisex Washable and Reusable Cotton Warm Face Protection with Adjustable Bridge Design (3-Pack Black),15.69,"1,620",($5.23/Count),https://amazon.com//Fashion-Protection-Washable-Reusable-Adjustable/dp/B0855PDTYG/ref=sr_1_52?dchild=1&keywords=Masks&qid=1594841003&sr=8-52,2020-07-15 15:23:27
Fashion Cute Heart Face Protection - Unisex Cotton Dustproof Mouth Protection - Reusable Warm Windproof for Outdoor Activities,12.99,"1,348",($6.50/Item),https://amazon.com//Fashion-Cute-Heart-Face-Protection/dp/B085BM92CD/ref=sr_1_53?dchild=1&keywords=Masks&qid=1594841003&sr=8-53,2020-07-15 15:23:27
Wecolor 100 Pack 3 Ply Disposable Face Masks (Blue),42.99,"1,978",($42.99/Count),https://amazon.com//Disposable-Hypoallergenic-Breathability-Comfort-Great-Allergies/dp/B078718WVB/ref=sr_1_54?dchild=1&keywords=Masks&qid=1594841003&sr=8-54,2020-07-15 15:23:27
The Case Against Masks: Ten Reasons Why Mask Use Should be Limited,3.99,by ,Other format: ,https://amazon.com//Case-Against-Masks-Reasons-Limited-ebook/dp/B08CVSKX4L/ref=sr_1_55?dchild=1&keywords=Masks&qid=1594841003&sr=8-55,2020-07-15 15:23:27
"5 Pcs Unisex Black Dust Cotton, Washable, Reusable Cotton Fabric",19.21,96,($3.84/Count),https://amazon.com//Unisex-Cotton-Washable-Reusable-Fabric/dp/B0882S61Y9/ref=sr_1_56?dchild=1&keywords=Masks&qid=1594841003&sr=8-56,2020-07-15 15:23:27
"Universal 4521 Cloth Face Masks – Reusable Nose & Mouth Mask, 100% Cotton, 2 Layer, Washable Facemask, Teens & Adults – Protects from Dust, Pollen, Pet Dander & Other Irritants (4 Masks (1 Pkg))",16.99,"1,341",($4.25/Item),https://amazon.com//Universal-4521-Anti-Flu-Masks/dp/B07VGKQ1PV/ref=sr_1_57?dchild=1&keywords=Masks&qid=1594841003&sr=8-57,2020-07-15 15:23:27
"3 Pack Face Covering, Mouth Covering Unisex Black Dust Cotton, Washable, Reusable Cotton Fabric Dust Covering",14.99,275,-,https://amazon.com//Covering-Unisex-Cotton-Washable-Reusable/dp/B089148BWQ/ref=sr_1_58?dchild=1&keywords=Masks&qid=1594841003&sr=8-58,2020-07-15 15:23:27
"Face Masks,50 Pack/Box",29.99,1,-,https://amazon.com//gp/slredirect/picassoRedirect.html/ref=pa_sp_btf_aps_sr_pg1_1?ie=UTF8&adId=A08548033QYZLU1QQ7N55&url=%2FFace-Masks-50-Pack-Box%2Fdp%2FB089YVT3ZZ%2Fref%3Dsr_1_59_sspa%3Fdchild%3D1%26keywords%3DMasks%26qid%3D1594841003%26sr%3D8-59-spons%26psc%3D1&qualifier=1594841003&id=8118751811044430&widgetName=sp_btf,2020-07-15 15:23:27
"Face Mask Disposable Masks 50 pieces With 10 Bonus Wipes - Breathable, 3-Ply, Non-Medical bulk Masks (50 pack)",17.99,0,($0.36/Count),https://amazon.com//gp/slredirect/picassoRedirect.html/ref=pa_sp_btf_aps_sr_pg1_1?ie=UTF8&adId=A06383362SCEJ5WQRD7N4&url=%2FDisposable-Masks-pieces-Bonus-Wipes%2Fdp%2FB08C6B771X%2Fref%3Dsr_1_60_sspa%3Fdchild%3D1%26keywords%3DMasks%26qid%3D1594841003%26sr%3D8-60-spons%26psc%3D1&qualifier=1594841003&id=8118751811044430&widgetName=sp_btf,2020-07-15 15:23:27
"10PC Cotton Anti-dust Mouth Face_mask_Protect Cover Bandana Balaclavas, 2-layer Unisex Reusable Fashion Washable Cover",29.99,8,($29.99/Count),https://amazon.com//gp/slredirect/picassoRedirect.html/ref=pa_sp_atf_next_aps_sr_pg2_1?ie=UTF8&adId=A068673314IE3X8R5F7ED&url=%2FAnti-dust-Face_mask_Protect-Balaclavas-Reusable-Washable%2Fdp%2FB08BHZ5BPJ%2Fref%3Dsr_1_49_sspa%3Fdchild%3D1%26keywords%3DMasks%26qid%3D1594841003%26sr%3D8-49-spons%26psc%3D1&qualifier=1594841009&id=369805706040215&widgetName=sp_atf_next,2020-07-15 15:23:30
INTO THE AM Seamless Face Cover Mouth Mask Scarf Bandanas Neck Gaiter - Dust & UV Sun-Protection for Festivals and Outdoors,12.95,458,-,https://amazon.com//gp/slredirect/picassoRedirect.html/ref=pa_sp_atf_next_aps_sr_pg2_1?ie=UTF8&adId=A07970433MP35OZZ5IWT2&url=%2FINTO-AM-Paint-Splatter-Seamless%2Fdp%2FB07B69CFJF%2Fref%3Dsr_1_50_sspa%3Fdchild%3D1%26keywords%3DMasks%26qid%3D1594841003%26sr%3D8-50-spons%26psc%3D1&qualifier=1594841009&id=369805706040215&widgetName=sp_atf_next,2020-07-15 15:23:30
"Facial Protection Filtration 95%, Anti-Fog, Dust-Proof washable Headgear Full Face Protection Masks",16.99,55,-,https://amazon.com//gp/slredirect/picassoRedirect.html/ref=pa_sp_atf_next_aps_sr_pg2_1?ie=UTF8&adId=A0380743B4WD7QS9MITI&url=%2FProtection-Filtration-Anti-Fog-Dust-Proof-washable%2Fdp%2FB089SZKVZ3%2Fref%3Dsr_1_51_sspa%3Fdchild%3D1%26keywords%3DMasks%26qid%3D1594841003%26sr%3D8-51-spons%26psc%3D1&qualifier=1594841009&id=369805706040215&widgetName=sp_atf_next,2020-07-15 15:23:30
"Facial Protection Filtration 95%, Anti-Fog, Dust-Proof Adjustable Headgear Full Face Protection Masks",17.99,221,($17.99/Count),https://amazon.com//gp/slredirect/picassoRedirect.html/ref=pa_sp_atf_next_aps_sr_pg2_1?ie=UTF8&adId=A0210431396NKB1XYOO91&url=%2FProtection-Filtration-Anti-Fog-Dust-Proof-Adjustable%2Fdp%2FB088CQGVMJ%2Fref%3Dsr_1_52_sspa%3Fdchild%3D1%26keywords%3DMasks%26qid%3D1594841003%26sr%3D8-52-spons%26psc%3D1&qualifier=1594841009&id=369805706040215&widgetName=sp_atf_next,2020-07-15 15:23:30
"5 Pack Fashion Protective, Unisex Black Dust Cotton, Washable, Reusable Cotton Fabric",18.99,925,($3.80/Count),https://amazon.com//Fashion-Protective-Unisex-Washable-Reusable/dp/B087NMTT81/ref=sr_1_53?dchild=1&keywords=Masks&qid=1594841003&sr=8-53,2020-07-15 15:23:30
"Bloch Soft Stretch Reusable Face Mask (Pack of 3), Black, Adult",22.79,15,-,https://amazon.com//Bloch-Stretch-Reusable-Black-Adult/dp/B087M41L9Q/ref=sr_1_54?dchild=1&keywords=Masks&qid=1594841003&sr=8-54,2020-07-15 15:23:30
BASE CAMP M Plus Face Cover with Active Carbon Filter Combo Kit,39.99,85,-,https://amazon.com//BASE-CAMP-Active-Carbon-Filter/dp/B085B8Y9XH/ref=sr_1_55?dchild=1&keywords=Masks&qid=1594841003&sr=8-55,2020-07-15 15:23:30
Colbiz Dust Mask with Activated Carbon Filters Reusable Sports Face Mask,29.99,152,More Buying Choices,https://amazon.com//Colbiz-Adjustable-Breathable-Motorcycle-Woodworking/dp/B089LKF6JK/ref=sr_1_56?dchild=1&keywords=Masks&qid=1594841003&sr=8-56,2020-07-15 15:23:30
"Cover for Outdoor, Sports Fashion Protection, Neutral Black dustproof Cotton, Washable, Reusable Cotton Fabric",34.95,105,($34.95/Count),https://amazon.com//Outdoor-Protection-dustproof-Washable-Reusable/dp/B088LDVPHX/ref=sr_1_57?dchild=1&keywords=Masks&qid=1594841003&sr=8-57,2020-07-15 15:23:30
"Tart Collections Face Mask, Comfortable Non-Elastic Ear Loops, Washable and Reusable, Unisex, Made in USA",9.99,54,-,https://amazon.com//Tart-Collections-Comfortable-Non-Elastic-Washable/dp/B088JWKYFW/ref=sr_1_58?dchild=1&keywords=Masks&qid=1594841003&sr=8-58,2020-07-15 15:23:30
Hurley Lightweight Multipurpose Neck Gaiter with Moisture Wicking Technology,18.00,23,-,https://amazon.com//Hurley-Multipurpose-Moisture-Wicking-Technology/dp/B089GZMFYX/ref=sr_1_59?dchild=1&keywords=Masks&qid=1594841003&sr=8-59,2020-07-15 15:23:30
New Republic Made in USA 3 Pack Face Masks | Washable and Reusable | 2 Ply 100% Cotton | Regular Size,12.00,"2,721",($4.00/Count),https://amazon.com//New-Republic-Washable-Reusable-Regular/dp/B0876HQ55Q/ref=sr_1_60?dchild=1&keywords=Masks&qid=1594841003&sr=8-60,2020-07-15 15:23:30
"Ecnobia 3 Ply Non-Woven, 100Pcs Disposable Face Bandanas, Cloth Covering, No Washable, Breathable and Anti-Haze Dust, for Adults (100 Pcs, Gray)",16.08,51,More Buying Choices,https://amazon.com//Non-Woven-Disposable-Bandanas-Breathable-Anti-Haze/dp/B08B64DS1S/ref=sr_1_61?dchild=1&keywords=Masks&qid=1594841003&sr=8-61,2020-07-15 15:23:30
"8pack Reusable Cotton Fabric-Washable,Fashion Protective, Unisex Black Cotton",21.99,0,-,https://amazon.com//Reusable-Cotton-Fabric-Washable-Fashion-Protective/dp/B08BY8XF7Q/ref=sr_1_62?dchild=1&keywords=Masks&qid=1594841003&sr=8-62,2020-07-15 15:23:30
"Aliceva One Step Foot Peel Mask, Simple Foot Peeling Mask, Exfoliating Calluses and Dead Skin Remover - 2 Pairs",17.95,"3,386",($8.98/Count),https://amazon.com//Aliceva-Peeling-Exfoliating-Calluses-Remover/dp/B00JKOJHQ0/ref=sr_1_63?dchild=1&keywords=Masks&qid=1594841003&sr=8-63,2020-07-15 15:23:30
"Sunscreen, UV protection, sunscreen is suitable for summer cycling and hiking",17.99,352,More Buying Choices,https://amazon.com//Sunscreen-protection-sunscreen-suitable-cycling/dp/B086S5DRDP/ref=sr_1_64?dchild=1&keywords=Masks&qid=1594841003&sr=8-64,2020-07-15 15:23:30
"FAEUYUSO 10 PC Facial Protection, with 20 Filters and 10 PC Hook, Reusable Washable Adjustable Nose Wire Headgear Full Face Protection Masks",24.99,0,-,https://amazon.com//gp/slredirect/picassoRedirect.html/ref=pa_sp_mtf_aps_sr_pg2_1?ie=UTF8&adId=A0212032361ASSWIPJ83A&url=%2FFAEUYUSO-Protection-Reusable-Washable-Adjustable%2Fdp%2FB08CBGB6XV%2Fref%3Dsr_1_65_sspa%3Fdchild%3D1%26keywords%3DMasks%26qid%3D1594841003%26sr%3D8-65-spons%26psc%3D1&qualifier=1594841009&id=369805706040215&widgetName=sp_mtf,2020-07-15 15:23:30
"Tart Collections Face Mask, Comfortable Non-Elastic Ear Loops, Washable and Reusable, Unisex, Made in USA",9.99,64,-,https://amazon.com//gp/slredirect/picassoRedirect.html/ref=pa_sp_mtf_aps_sr_pg2_1?ie=UTF8&adId=A08079862SNRKBK04ZGE9&url=%2FTart-Collections-Comfortable-Non-Elastic-Washable%2Fdp%2FB088K9CQSY%2Fref%3Dsr_1_66_sspa%3Fdchild%3D1%26keywords%3DMasks%26qid%3D1594841003%26sr%3D8-66-spons%26psc%3D1&qualifier=1594841009&id=369805706040215&widgetName=sp_mtf,2020-07-15 15:23:30
iHeartRaves Seamless Face Cover Mouth Mask Scarf Bandanas Neck Gaiter - Dust & UV Sun-Protection for Festivals and Outdoors,12.95,448,-,https://amazon.com//gp/slredirect/picassoRedirect.html/ref=pa_sp_mtf_aps_sr_pg2_1?ie=UTF8&adId=A08532587S1NWJOC3U6C&url=%2FiHeartRaves-Constellations-Galaxy-Seamless-Bandana%2Fdp%2FB075NVVN55%2Fref%3Dsr_1_67_sspa%3Fdchild%3D1%26keywords%3DMasks%26qid%3D1594841003%26sr%3D8-67-spons%26psc%3D1&qualifier=1594841009&id=369805706040215&widgetName=sp_mtf,2020-07-15 15:23:30
"Facial Protection Filtration, Anti-Fog, Dust-Proof Adjustable Headgear Full Face Protection Masks（1 pcs）",9.99,12,-,https://amazon.com//Protection-Filtration-Anti-Fog-Dust-Proof-Adjustable/dp/B08CNDLH13/ref=sr_1_68?dchild=1&keywords=Masks&qid=1594841003&sr=8-68,2020-07-15 15:23:30
FASHIONOLIC Fashion Cloth Face Mask Cotton Thin Breathable Washable Reusable Camo Animal Black Made in USA,18.99,487,More Buying Choices,https://amazon.com//FASHIONOLIC-Fashion-Breathable-Washable-Reusable/dp/B086HF4P4M/ref=sr_1_69?dchild=1&keywords=Masks&qid=1594841003&sr=8-69,2020-07-15 15:23:30
"Amazon Essentials Men's Slim-Fit 9"" Short",15.00,"2,120",-,https://amazon.com//Amazon-Essentials-Slim-Fit-Washed-Lobster/dp/B07F283XP7/ref=sr_1_70?dchild=1&keywords=Masks&qid=1594841003&sr=8-70,2020-07-15 15:23:30
Salon World Safety Masks - Bulk 40 Boxes (2000 Masks) in Sealed Dispenser Boxes of 50-3 Layer Disposable Protective Face Masks with Nose Clip & Ear Loops - Sanitary 3-Ply Non-Woven Fabric – Particle,729.96,0,($0.36/Mask),https://amazon.com//Salon-World-Safety-Masks-Disposable/dp/B08BQKW677/ref=sr_1_71?dchild=1&keywords=Masks&qid=1594841003&sr=8-71,2020-07-15 15:23:30
"Face Mask, Pack of 50",29.99,573,($0.60/Item),https://amazon.com//Face-Mask-Pack-of-50/dp/B086RP7G38/ref=sr_1_72?dchild=1&keywords=Masks&qid=1594841003&sr=8-72,2020-07-15 15:23:30
Unisex outdoor sports summer washable and reusable comfortable dust cover,27.89,83,-,https://amazon.com//Polyester-Washable-Dustproof-Anti-pollen-Pollution/dp/B08BKYPNXF/ref=sr_1_73?dchild=1&keywords=Masks&qid=1594841003&sr=8-73,2020-07-15 15:23:30
"Fruit of the Loom Reusable Cotton Face Mask (Packs of 50, 100, and 250)",52.19,146,-,https://amazon.com//Fruit-Loom-Reusable-Cotton-Face-Mask/dp/B086ZHZY6T/ref=sr_1_74?dchild=1&keywords=Masks&qid=1594841003&sr=8-74,2020-07-15 15:23:30
"Tart Collections Reversible and Adjustable Face Mask, Comfortable, Soft Elastic Ear Loops, Washable and Reusable, Unisex, 95% Poly / 5% Spandex, Black/White Dot",9.99,9,-,https://amazon.com//Tart-Collections-Reversible-Adjustable-Comfortable/dp/B08972D7W9/ref=sr_1_75?dchild=1&keywords=Masks&qid=1594841003&sr=8-75,2020-07-15 15:23:30
Unisex Washable and Reusable Cotton Warm Face Protection for Outdoor,12.99,337,($6.50/Count),https://amazon.com//Unisex-Washable-Reusable-Protection-Outdoor/dp/B088FVJTXG/ref=sr_1_76?dchild=1&keywords=Masks&qid=1594841003&sr=8-76,2020-07-15 15:23:30
"5 Pack Fashion Protective, Unisex Black Dust Cotton, Washable, Reusable Cotton Fabric",19.95,196,($3.99/Count),https://amazon.com//Fashion-Protective-Unisex-Washable-Reusable/dp/B089R31T4K/ref=sr_1_77?dchild=1&keywords=Masks&qid=1594841003&sr=8-77,2020-07-15 15:23:30
Face Masks 3 Ply Masks Blue 50 Pieces/Box,29.99,80,More Buying Choices,https://amazon.com//Face-Masks-Ply-Blue-Pieces/dp/B087RPM1C1/ref=sr_1_78?dchild=1&keywords=Masks&qid=1594841003&sr=8-78,2020-07-15 15:23:30
4 Pack Cotton Mouth Face Masks Mouth Cover for Men and Women (Black),10.99,748,($2.75/Item),https://amazon.com//Pangda-Anti-dust-Cotton-Mouth-Masks/dp/B0757JX2Y4/ref=sr_1_79?dchild=1&keywords=Masks&qid=1594841003&sr=8-79,2020-07-15 15:23:30
"face and Neck Protectors for Men and Women Motorcycle Riding mask Turban， Multi-Functional Seamless Ultra-fine ice Silk UV Protection, dustproof（1 Pcs）",12.99,12,-,https://amazon.com//gp/slredirect/picassoRedirect.html/ref=pa_sp_mtf_aps_sr_pg2_1?ie=UTF8&adId=A06183562C2YV37OKPRG5&url=%2FProtectors-Motorcycle-Multi-Functional-Ultra-fine-dustproof%25EF%25BC%25881%2Fdp%2FB08CNDQPBG%2Fref%3Dsr_1_80_sspa%3Fdchild%3D1%26keywords%3DMasks%26qid%3D1594841003%26sr%3D8-80-spons%26psc%3D1&qualifier=1594841009&id=369805706040215&widgetName=sp_mtf,2020-07-15 15:23:30
"Designer Cotton Reusable Face Mask - Protective Fabric Face Cover Piece Set, Washable & Breathable Mouth Mask (3)",17.99,0,($6.00/Item),https://amazon.com//gp/slredirect/picassoRedirect.html/ref=pa_sp_mtf_aps_sr_pg2_1?ie=UTF8&adId=A02676363BUP7JCR1WZMA&url=%2FDesigner-Cotton-Reusable-Face-Mask%2Fdp%2FB08BJDK81W%2Fref%3Dsr_1_81_sspa%3Fdchild%3D1%26keywords%3DMasks%26qid%3D1594841003%26sr%3D8-81-spons%26psc%3D1&qualifier=1594841009&id=369805706040215&widgetName=sp_mtf,2020-07-15 15:23:30
3-Layer Protection Face Masks(50 Pieces/Box),26.99,3,-,https://amazon.com//gp/slredirect/picassoRedirect.html/ref=pa_sp_mtf_aps_sr_pg2_1?ie=UTF8&adId=A10118331EGHUWQO7S1JK&url=%2F3-Layer-Protection-Face-Masks-Pieces%2Fdp%2FB089YVFRXW%2Fref%3Dsr_1_82_sspa%3Fdchild%3D1%26keywords%3DMasks%26qid%3D1594841003%26sr%3D8-82-spons%26psc%3D1&qualifier=1594841009&id=369805706040215&widgetName=sp_mtf,2020-07-15 15:23:30
"Grove Mask Sports Mask w/ 7X Filters – Reusable Cloth Face Mask for Cycling, Running, Training, Motorcycle – Breathable, Lightweight, Washable",29.99,0,-,https://amazon.com//Grove-Mask-Face-PM2-5-Filters/dp/B08BB1C8PP/ref=sr_1_83?dchild=1&keywords=Masks&qid=1594841003&sr=8-83,2020-07-15 15:23:30
Mask,,"1,453",-,https://amazon.com//Eric-Stoltz/dp/B0184MMM24/ref=sr_1_84?dchild=1&keywords=Masks&qid=1594841003&sr=8-84,2020-07-15 15:23:30
Snoozies 3 Layer Face Covering for Women & Men - Washable Face Covering - Reusable Face Covering - Flexible Nose Bridge - Adjustable Ear Bands - 4 Disposable Insert Filters Included - Zebra Print,14.99,3,-,https://amazon.com//Snoozies-Layer-Face-Covering-Women/dp/B089C2KHTB/ref=sr_1_85?dchild=1&keywords=Masks&qid=1594841003&sr=8-85,2020-07-15 15:23:30
Inspire Masks Reusable Face Mask with PM 2.5 Filters -Designer Washable Double-Layer Poly/Cotton Mask with 4 Replaceable Carbon Filters Included and Adjustable Elastic Ear Strap (Pink),17.99,192,($17.99/Count),https://amazon.com//Reusable-Designer-Double-Layer-Replaceable-Adjustable/dp/B087NBNTT9/ref=sr_1_86?dchild=1&keywords=Masks&qid=1594841003&sr=8-86,2020-07-15 15:23:30
"HONYAO Reusable Dust Face M Earloop Dust M, Protective M with Activated Carbon Filter and Valves for Allergy, Woodworking, Mowing, Outdoor Activities, Etc (Black)",27.88,180,-,https://amazon.com//HONYAO-Protective-Activated-Woodworking-Activities/dp/B086JXXXTK/ref=sr_1_87?dchild=1&keywords=Masks&qid=1594841003&sr=8-87,2020-07-15 15:23:30
Disposable 3 Ply Face Mask 50 Pcs (Pack) Medical Grade Non Woven 3-PLY BFE 98%,34.99,18,($0.70/Count),https://amazon.com//Disposable-Medical-Grade-Woven-3-PLY/dp/B088KSHTGF/ref=sr_1_88?dchild=1&keywords=Masks&qid=1594841003&sr=8-88,2020-07-15 15:23:30
Onzie Mindful Mask - Set of 2 Assorted One Size,23.95,14,($23.95/Item),https://amazon.com//Onzie-Mindful-Mask-Assorted-Size/dp/B086MB8Q7M/ref=sr_1_89?dchild=1&keywords=Masks&qid=1594841003&sr=8-89,2020-07-15 15:23:30
"Single Use Pullout Comfort Earloop Disposable Face Mask (Pack of 50), Blue - Latex Free",29.99,717,($0.60/Item),https://amazon.com//Single-Pullout-Comfort-Earloop-Disposable/dp/B086T5JWBQ/ref=sr_1_90?dchild=1&keywords=Masks&qid=1594841003&sr=8-90,2020-07-15 15:23:30
"UTOTEBAG Cloth Cover with Valve, Washable & Reusable Cover for Wearing",25.99,128,-,https://amazon.com//UTOTEBAG-Cloth-Washable-Reusable-Wearing/dp/B088CQYQLM/ref=sr_1_91?dchild=1&keywords=Masks&qid=1594841003&sr=8-91,2020-07-15 15:23:30
"Revman Adjustable Reusable Face Cover (Pack of 3),80% Poly Blend - Blue",13.70,994,($4.57/Item),https://amazon.com//Revman-Adjustable-Reusable-Cover-Blend/dp/B086YJDN6Z/ref=sr_1_92?dchild=1&keywords=Masks&qid=1594841003&sr=8-92,2020-07-15 15:23:30
"50pcs Disposable Face Mask, Facial Masks, Mouth Masks 3-Ply with Elastic Earloops, Breathable Non-woven Mouth Filter Covers for Home, Office, Outdoor - Blue",24.99,20,-,https://amazon.com//Disposable-Elastic-Earloops-Breathable-Non-woven/dp/B08BCBZ876/ref=sr_1_93?dchild=1&keywords=Masks&qid=1594841003&sr=8-93,2020-07-15 15:23:30
"Port Authority Reusable Face Cover (Pack of 5), White",9.06,193,($1.81/Item),https://amazon.com//Port-Authority-Reusable-Cover-White/dp/B086SB6TB5/ref=sr_1_94?dchild=1&keywords=Masks&qid=1594841003&sr=8-94,2020-07-15 15:23:30
Levi's Re-Usable Reversible Face Mask (Pack of 3),,531,-,https://amazon.com//Levis-Re-Usable-Reversible-Small-Charcoal/dp/B087YP233D/ref=sr_1_95?dchild=1&keywords=Masks&qid=1594841003&sr=8-95,2020-07-15 15:23:30
"Revman Adjustable Reusable Face Cover (Pack of 3),Cotton - Blue",13.70,239,($4.57/Item),https://amazon.com//Revman-Adjustable-Reusable-Cover-Cotton/dp/B086YJMVVK/ref=sr_1_96?dchild=1&keywords=Masks&qid=1594841003&sr=8-96,2020-07-15 15:23:30
KIDS FACE COVER MASK WITH CLEAR VISOR ELASTIC BAND AND COMFORT SPONGE ANTI DUST/FOG/SPITTING REUSABLE FACE SHIELD TRANSPARENT FOR OUTDOOR ACTIVITIES OR NURSERY AND DAYCARE CENTERS (TIGER),11.99,0,-,https://amazon.com//ELASTIC-SPITTING-REUSABLE-TRANSPARENT-ACTIVITIES/dp/B08BRJ9ZB8/ref=sr_1_97?dchild=1&keywords=Masks&qid=1594841003&sr=8-97,2020-07-15 15:23:30
"TOOCA Disposable Earloop Face Mask, Pack of 50,3-ply Mouth Mask",24.99,9,-,https://amazon.com//TOOCA-M%C3%A1scara-facial-desechable-paquete/dp/B089LZRGJ4/ref=sr_1_98?dchild=1&keywords=Masks&qid=1594841003&sr=8-98,2020-07-15 15:23:30
"Face Mask Reusable Black Cotton Masks for Face Protection Cover Washable Dust Mask for Unisex Adult Teen Kids Travel Cycling,2 Pack",12.99,378,($6.50/Count),https://amazon.com//Reusable-Cotton-Protection-Washable-Cycling/dp/B085MQKVGF/ref=sr_1_99?dchild=1&keywords=Masks&qid=1594841003&sr=8-99,2020-07-15 15:23:30
Gildan Men's Heavy Blend Fleece Hooded Sweatshirt G18500,14.50,"12,814",-,https://amazon.com//Gildan-Fleece-Sweatshirt-G18500-XX-Large/dp/B01B83Y50I/ref=sr_1_100?dchild=1&keywords=Masks&qid=1594841003&sr=8-100,2020-07-15 15:23:30
"Face Masks, Face Mouth Cover Masks, Camouflage Masks, Blue/Red/Green/Yellow, 50 Pc/Bx",29.99,6,-,https://amazon.com//Masks-Mouth-Cover-Camouflage-Yellow/dp/B0897VN7YV/ref=sr_1_101?dchild=1&keywords=Masks&qid=1594841003&sr=8-101,2020-07-15 15:23:30
"Yoodelife Anti-dust Black Mouth Mask, Unisex Cotton Face Mask Muffle Mask Anime Mask for Cycling Travel Outdoors for Adult Men Women,Style 2, Pack of 3",21.99,"1,080",($7.33/Item),https://amazon.com//Yoodelife-Anti-dust-Unisex-Cycling-Outdoors/dp/B085BNTQYS/ref=sr_1_102?dchild=1&keywords=Masks&qid=1594841003&sr=8-102,2020-07-15 15:23:30
50Pcs Disposable Filter Mask 3 Ply Earloop Face Masks,10.54,802,($0.21/Count),https://amazon.com//M%C3%A1scara-filtro-desechable-capas-unidades/dp/B085NWS77X/ref=sr_1_103?dchild=1&keywords=Masks&qid=1594841003&sr=8-103,2020-07-15 15:23:30
Face Mask Mesh with Activated Carbon Filters Dust Mask Authentic for Woodworking Construction Outdoors Indoors Travel (1 mask + 4 activated carbon filters) - Valo Products,22.99,527,($22.99/Count),https://amazon.com//Activated-Authentic-Woodworking-Construction-activated/dp/B086LHZQVF/ref=sr_1_104?dchild=1&keywords=Masks&qid=1594841003&sr=8-104,2020-07-15 15:23:30
American Mask Project Reusable Cloth Face Mask (Pack of 2),20.00,172,-,https://amazon.com//American-Mask-Project-Reusable-Cloth/dp/B0871GDS81/ref=sr_1_105?dchild=1&keywords=Masks&qid=1594841003&sr=8-105,2020-07-15 15:23:30
Beyond the Mask: How My Tragedy Sparked an Incredible Life: Lessons I Might Never Have Learned,27.00,by ,More Buying Choices,https://amazon.com//Beyond-Mask-Tragedy-Sparked-Incredible/dp/1642934186/ref=sr_1_106?dchild=1&keywords=Masks&qid=1594841003&sr=8-106,2020-07-15 15:23:30
Fashion Scarf Mask Black for Men and Women，1 mask (Cotton 100%) 2 filter chips (5 layers of effective protection),12.99,13,-,https://amazon.com//gp/slredirect/picassoRedirect.html/ref=pa_sp_btf_aps_sr_pg2_1?ie=UTF8&adId=A0198938EI909OSG8F7L&url=%2FFashion-Women%25EF%25BC%258C1-Cotton-effective-protection%2Fdp%2FB089QT1KQK%2Fref%3Dsr_1_107_sspa%3Fdchild%3D1%26keywords%3DMasks%26qid%3D1594841003%26sr%3D8-107-spons%26psc%3D1&qualifier=1594841009&id=369805706040215&widgetName=sp_btf,2020-07-15 15:23:30
"Made in USA Washable Cotton Face Mask with FILTER POCKET UNISEX Adult (Set of 3), White",18.99,1,-,https://amazon.com//gp/slredirect/picassoRedirect.html/ref=pa_sp_btf_aps_sr_pg2_1?ie=UTF8&adId=A036307621Z4JDFFH3D68&url=%2FWashable-Cotton-FILTER-POCKET-UNISEX%2Fdp%2FB0892SH3XG%2Fref%3Dsr_1_108_sspa%3Fdchild%3D1%26keywords%3DMasks%26qid%3D1594841003%26sr%3D8-108-spons%26psc%3D1&qualifier=1594841009&id=369805706040215&widgetName=sp_btf,2020-07-15 15:23:30
LRKC Mouth Cover with Activated Carbon Filter Washable Reusable Cotton for Outdoor,24.99,15,-,https://amazon.com//gp/slredirect/picassoRedirect.html/ref=pa_sp_atf_next_aps_sr_pg4_1?ie=UTF8&adId=A071241719MLW7C55MOAO&url=%2FLRKC-Unisex-Washable-Reusable-Filters%2Fdp%2FB08C9MKGPP%2Fref%3Dsr_1_145_sspa%3Fdchild%3D1%26keywords%3DMasks%26qid%3D1594841010%26sr%3D8-145-spons%26psc%3D1&qualifier=1594841012&id=7859270337589124&widgetName=sp_atf_next,2020-07-15 15:23:34
20 Pieces - Upgraded Type with 5 Layer Air Filter - White (Usually deliveried Within 1 Weeks) (20pcs),30.99,0,($6.20/Item),https://amazon.com//gp/slredirect/picassoRedirect.html/ref=pa_sp_atf_next_aps_sr_pg4_1?ie=UTF8&adId=A04595712M9UTW4O8FTV&url=%2F20-Pieces-Upgraded-Usually-deliveried%2Fdp%2FB08CVC4WKP%2Fref%3Dsr_1_146_sspa%3Fdchild%3D1%26keywords%3DMasks%26qid%3D1594841010%26sr%3D8-146-spons%26psc%3D1&qualifier=1594841012&id=7859270337589124&widgetName=sp_atf_next,2020-07-15 15:23:34
Activated Carbon Filters 5 Layers Replaceable Filters Paper (100 PCS),45.99,66,-,https://amazon.com//gp/slredirect/picassoRedirect.html/ref=pa_sp_atf_next_aps_sr_pg4_1?ie=UTF8&adId=A09884421OYNCBT4GU7IP&url=%2FActivated-Carbon-Filters-Layers-Replaceable%2Fdp%2FB08B5L9WJY%2Fref%3Dsr_1_147_sspa%3Fdchild%3D1%26keywords%3DMasks%26qid%3D1594841010%26sr%3D8-147-spons%26psc%3D1&qualifier=1594841012&id=7859270337589124&widgetName=sp_atf_next,2020-07-15 15:23:34
Face Masks Blue Three Layers 50 Pieces/Box by LEMSIR FBA Shipment,29.99,119,($0.60/Count),https://amazon.com//gp/slredirect/picassoRedirect.html/ref=pa_sp_atf_next_aps_sr_pg4_1?ie=UTF8&adId=A09090352H99PNI3L5SVC&url=%2FThree-Layers-Pieces-LEMSIR-Shipment%2Fdp%2FB06XNMVMHQ%2Fref%3Dsr_1_148_sspa%3Fdchild%3D1%26keywords%3DMasks%26qid%3D1594841010%26sr%3D8-148-spons%26psc%3D1&qualifier=1594841012&id=7859270337589124&widgetName=sp_atf_next,2020-07-15 15:23:34
"Novotel Mouth Face Cotton Balaclavas Reusable Fashion Cute Adjustable Half Cloth for Sports, Running，Outdoor Windproof",16.99,0,-,https://amazon.com//Novotel-Balaclavas-Adjustable-Running%EF%BC%8COutdoor-Windproof/dp/B084YWRKYL/ref=sr_1_149?dchild=1&keywords=Masks&qid=1594841010&sr=8-149,2020-07-15 15:23:34
Gildan Reusable Adult Everyday 2-Layer Cotton Face Mask (Pack of 24),20.99,127,-,https://amazon.com//Gildan-Reusable-Everyday-2-Layer-Cotton/dp/B088YV7VCF/ref=sr_1_150?dchild=1&keywords=Masks&qid=1594841010&sr=8-150,2020-07-15 15:23:34
Anti Pollution Face Cover Air Breathing Valves，Durable ABS Mask Accessories，for Most Kind of Double Air Breathing Valve Mask Valves Filter Accessories (30pcs),18.99,12,-,https://amazon.com//Pollution-Breathing-Valves%EF%BC%8CDurable-Accessories%EF%BC%8C-Accessories/dp/B089N6KWSD/ref=sr_1_151?dchild=1&keywords=Masks&qid=1594841010&sr=8-151,2020-07-15 15:23:34
VCAN 50 Pcs Disposable Earloop Face Masks (Blue),19.85,"1,187",($0.40/Item),https://amazon.com//VCAN-Disposable-Earloop-Face-Masks/dp/B086SH2J4R/ref=sr_1_152?dchild=1&keywords=Masks&qid=1594841010&sr=8-152,2020-07-15 15:23:34
"Achiou Neck Gaiter Face Scarf Mask-Dust, Sun Protection Cool Lightweight Windproof, Breathable Fishing Hiking Running Cycling",12.95,"2,814",-,https://amazon.com//Polainas-protecci%C3%B3n-transpirable-senderismo-ciclismo/dp/B07T4V86LW/ref=sr_1_153?dchild=1&keywords=Masks&qid=1594841010&sr=8-153,2020-07-15 15:23:34
"2 Pack Reusable Cotton Cover with 4 Breathing Valve, Loisuzn Washable Cotton Cloth Adjustable Ear Loops with 4 Pcs Filters for Men and Women - Black",19.99,32,-,https://amazon.com//Reusable-Breathing-Loisuzn-Washable-Adjustable/dp/B08964XNJ8/ref=sr_1_154?dchild=1&keywords=Masks&qid=1594841010&sr=8-154,2020-07-15 15:23:34
The Mask: A Thriller,8.99,by ,Other formats: ,https://amazon.com//Mask-Thriller-Dean-Koontz-ebook/dp/B0074VTH4I/ref=sr_1_155?dchild=1&keywords=Masks&qid=1594841010&sr=8-155,2020-07-15 15:23:34
30 PCS Adult PM2.5 Activated Carbon Filter 5 Layers Replaceable Anti Haze Filter Paper,21.95,122,More Buying Choices,https://amazon.com//Activated-Carbon-Filter-Layers-Replaceable/dp/B087D1KY66/ref=sr_1_156?dchild=1&keywords=Masks&qid=1594841010&sr=8-156,2020-07-15 15:23:34
Face Bandanas Cotton With Activated Carbon Filter Replaceable Filters Haze Dust(4PC+10filters),8.19,701,More Buying Choices,https://amazon.com//Bandanas-Breathing-Activated-Replaceable-Filters/dp/B087TSDLFF/ref=sr_1_157?dchild=1&keywords=Masks&qid=1594841010&sr=8-157,2020-07-15 15:23:34
"50pcs Disposable Másk 3 Layer Face Cover with Safety Certification Instructions Animal Pattern Face Respirator for Kids Adults (50pcs, Green)",15.88,21,-,https://amazon.com//Disposable-Certification-Instructions-Pattern-Respirator/dp/B086MT9LMH/ref=sr_1_158?dchild=1&keywords=Masks&qid=1594841010&sr=8-158,2020-07-15 15:23:34
Eddie Bauer Mens Multiclava,12.99,116,-,https://amazon.com//Eddie-Bauer-Multiclava-Scarlet-Regular/dp/B07M6FXW91/ref=sr_1_159?dchild=1&keywords=Masks&qid=1594841010&sr=8-159,2020-07-15 15:23:34
"USA Cloth Face Mask, 100% Cotton Adult Face Mask, Double Layers with Filter Pocket and Nose Wire Bridge, Reusable & Washable - Made in USA",14.50,20,($14.50/Count),https://amazon.com//Cotton-Double-Layers-Reusable-Washable/dp/B08741VZR4/ref=sr_1_160?dchild=1&keywords=Masks&qid=1594841010&sr=8-160,2020-07-15 15:23:34
"3 PCS Washable Reusable Adjustable Cotton Face Madks, N2GB",31.99,87,-,https://amazon.com//gp/slredirect/picassoRedirect.html/ref=pa_sp_mtf_aps_sr_pg4_1?ie=UTF8&adId=A052421436RVAY7A69Z9H&url=%2FWashable-Reusable-Adjustable-Cotton-Madks%2Fdp%2FB089SRP6GV%2Fref%3Dsr_1_161_sspa%3Fdchild%3D1%26keywords%3DMasks%26qid%3D1594841010%26sr%3D8-161-spons%26psc%3D1&qualifier=1594841012&id=7859270337589124&widgetName=sp_mtf,2020-07-15 15:23:34
"Tart Collections Face Mask, Comfortable Non-Elastic Ear Loops, Washable and Reusable, Unisex, Made in USA",9.99,86,-,https://amazon.com//gp/slredirect/picassoRedirect.html/ref=pa_sp_mtf_aps_sr_pg4_1?ie=UTF8&adId=A066728025M4Q11X681OO&url=%2FTart-Collections-Comfortable-Non-Elastic-Washable%2Fdp%2FB088K52XZ9%2Fref%3Dsr_1_162_sspa%3Fdchild%3D1%26keywords%3DMasks%26qid%3D1594841010%26sr%3D8-162-spons%26psc%3D1&qualifier=1594841012&id=7859270337589124&widgetName=sp_mtf,2020-07-15 15:23:34
3 Pack Face Madks Adjustable Strap 2 Layer Cloth Fabric Face Masc Reusable for Adults,21.99,3,-,https://amazon.com//gp/slredirect/picassoRedirect.html/ref=pa_sp_mtf_aps_sr_pg4_1?ie=UTF8&adId=A0061917K5HZ8W7RCUO6&url=%2FMadks-Adjustable-Fabric-Reusable-Adults%2Fdp%2FB08CRM14SD%2Fref%3Dsr_1_163_sspa%3Fdchild%3D1%26keywords%3DMasks%26qid%3D1594841010%26sr%3D8-163-spons%26psc%3D1&qualifier=1594841012&id=7859270337589124&widgetName=sp_mtf,2020-07-15 15:23:34
"50 Pcs Face Protection Masks, 5 Layer Face Protection Filtration>95% Safety Masks",130.00,6,-,https://amazon.com//Protection-Masks-Layer-Filtration-Safety/dp/B0878LZZSB/ref=sr_1_164?dchild=1&keywords=Masks&qid=1594841010&sr=8-164,2020-07-15 15:23:34
CIKIShield 5 Pack Cotton Face Mask Anti Dust Face Mask for Kids Boys Girls Cotton Rave Muffle Face Mask,23.99,198,-,https://amazon.com//Face-Cotton-Muffle-Mouth-4pack/dp/B079JVZ7J5/ref=sr_1_165?dchild=1&keywords=Masks&qid=1594841010&sr=8-165,2020-07-15 15:23:34
(20 PCS) OUBA Activated Carbon Filters Meltblown Non-Woven Cloth 5 Layers Filters,15.99,107,-,https://amazon.com//filtros-carb%C3%B3n-activado-tejida-capas/dp/B0872X1D87/ref=sr_1_166?dchild=1&keywords=Masks&qid=1594841010&sr=8-166,2020-07-15 15:23:34
Doublju Unisex Seamless Face Mask & Bandanas for Dust Outdoors Sports,15.99,7,-,https://amazon.com//Doublju-Unisex-Seamless-Bandanas-Outdoors/dp/B0872NYY6C/ref=sr_1_167?dchild=1&keywords=Masks&qid=1594841010&sr=8-167,2020-07-15 15:23:34
30pack PM 2.5 Activated Carbon Filter Insert Ship from USA,21.99,111,-,https://amazon.com//30pack-Activated-Carbon-Filter-Insert/dp/B087NDCD1P/ref=sr_1_168?dchild=1&keywords=Masks&qid=1594841010&sr=8-168,2020-07-15 15:23:34
"50 Pcs Disposable Face Mask 3-Ply Breathable & Comfortable Filter Safety Mask, Protective Blue Masks for Indoor and Outdoor",25.49,30,-,https://amazon.com//Disposable-Breathable-Comfortable-Protective-Outdoor/dp/B089ZVW3PX/ref=sr_1_169?dchild=1&keywords=Masks&qid=1594841010&sr=8-169,2020-07-15 15:23:34
5 Layer Protection Breathable Face Mask (5 pcs) – Filtration>95% with Comfortable Elastic Ear Loop | Non-Woven Polypropylene Fabric,24.99,51,-,https://amazon.com//Layer-Protection-Breathable-Face-Mask/dp/B089QYMQVL/ref=sr_1_170?dchild=1&keywords=Masks&qid=1594841010&sr=8-170,2020-07-15 15:23:34
"50 Pcs Face Masks Disposable, Breathable 3-Layer Safety Masks with Earloop for Adults & Children",19.99,69,($0.40/Count),https://amazon.com//Disposable-Breathable-3-Layer-Earloop-Children/dp/B0888V2DMW/ref=sr_1_171?dchild=1&keywords=Masks&qid=1594841010&sr=8-171,2020-07-15 15:23:34
O'NEILL Fashion Face Mask Black One Size,10.95,0,-,https://amazon.com//ONEILL-Fashion-Face-Mask-Black/dp/B08B4LVJ5Y/ref=sr_1_172?dchild=1&keywords=Masks&qid=1594841010&sr=8-172,2020-07-15 15:23:34
"Reusable Half Face Cover, NASUM 8200 Face Cover, Paint Face Cover for Painting, Machine Polishing, Welding and Other Work Protection(Medium)",39.99,129,-,https://amazon.com//Reusable-NASUM-Painting-Polishing-Protection/dp/B086DMYSLK/ref=sr_1_173?dchild=1&keywords=Masks&qid=1594841010&sr=8-173,2020-07-15 15:23:34
"WeCare Individually Wrapped Disposable Face Masks - 50 Pack, Blue - Soft on Skin - 3 Ply Protectors with Elastic Earloops - Latex Free, Non Woven, Single Use - Effective Filtration - Retail Packaging",36.98,160,-,https://amazon.com//WeCare-Individually-Wrapped-Disposable-Masks/dp/B08914CRBT/ref=sr_1_174?dchild=1&keywords=Masks&qid=1594841010&sr=8-174,2020-07-15 15:23:34
5 Pack Fashion PPE Masks,28.00,0,-,https://amazon.com//5-Pack-Fashion-PPE-Masks/dp/B08B6ZXXK4/ref=sr_1_175?dchild=1&keywords=Masks&qid=1594841010&sr=8-175,2020-07-15 15:23:34
"Tart Collections Reversible and Adjustable Face Mask, Comfortable, Soft Elastic Ear Loops, Washable and Reusable, Unisex, 95% Poly / 5% Spandex, Sumi Snake",9.99,5,-,https://amazon.com//gp/slredirect/picassoRedirect.html/ref=pa_sp_mtf_aps_sr_pg4_1?ie=UTF8&adId=A0302434S3JEDETJM9M3&url=%2FTart-Collections-Reversible-Adjustable-Comfortable%2Fdp%2FB0897CNHMX%2Fref%3Dsr_1_176_sspa%3Fdchild%3D1%26keywords%3DMasks%26qid%3D1594841010%26sr%3D8-176-spons%26psc%3D1&qualifier=1594841012&id=7859270337589124&widgetName=sp_mtf,2020-07-15 15:23:34
"Facial Protection Filtration, Anti-Fog, Dust-Proof Adjustable Headgear Full Face Protection Masks",16.99,25,-,https://amazon.com//gp/slredirect/picassoRedirect.html/ref=pa_sp_mtf_aps_sr_pg4_1?ie=UTF8&adId=A08743481LDS290KH4JSU&url=%2FProtection-Filtration-Anti-Fog-Dust-Proof-Adjustable%2Fdp%2FB08BJYB1DW%2Fref%3Dsr_1_177_sspa%3Fdchild%3D1%26keywords%3DMasks%26qid%3D1594841010%26sr%3D8-177-spons%26psc%3D1&qualifier=1594841012&id=7859270337589124&widgetName=sp_mtf,2020-07-15 15:23:34
"3 PCS Washable Reusable 2 Layers Breathable Face Madks Facial M_ask C-over, BGB",22.99,8,-,https://amazon.com//gp/slredirect/picassoRedirect.html/ref=pa_sp_mtf_aps_sr_pg4_1?ie=UTF8&adId=A02905611ZYA5V0JFK34E&url=%2FWashable-Reusable-Layers-Breathable-Facial%2Fdp%2FB089GQT2GN%2Fref%3Dsr_1_178_sspa%3Fdchild%3D1%26keywords%3DMasks%26qid%3D1594841010%26sr%3D8-178-spons%26psc%3D1&qualifier=1594841012&id=7859270337589124&widgetName=sp_mtf,2020-07-15 15:23:34
"20PCS Magicare 4-Ply Material Protection High Efficiency of Filtration, 3D Design for Better Fit the Face Contours (Ship from US)",15.50,7,-,https://amazon.com//Magicare-Material-Protection-Efficiency-Filtration/dp/B08B6Z64GX/ref=sr_1_179?dchild=1&keywords=Masks&qid=1594841010&sr=8-179,2020-07-15 15:23:34
Rhinestone Fashionable Face Mask,14.95,2,-,https://amazon.com//Priya-Rhinestone-Fashionable-Face-Mask/dp/B08C26HXLC/ref=sr_1_180?dchild=1&keywords=Masks&qid=1594841010&sr=8-180,2020-07-15 15:23:34
"Unisex Sports Madks Reusable Washable with Activated Carbon Filter, Black Breathable Adult Dust Face M¨¤sc Bandanas with 2 Breathing Valve and Ventilation, 5 Pack Black",68.99,30,-,https://amazon.com//Reusable-Activated-Breathable-Breathing-Ventilation/dp/B089W3B7MK/ref=sr_1_181?dchild=1&keywords=Masks&qid=1594841010&sr=8-181,2020-07-15 15:23:34
"5pc Unisex, washable and reusable",17.99,205,($3.60/Count),https://amazon.com//5pc-Unisex-washable-and-reusable/dp/B0876PXCQ2/ref=sr_1_182?dchild=1&keywords=Masks&qid=1594841010&sr=8-182,2020-07-15 15:23:34
"Facial Protection Filtration 95%, Anti-Fog, Dust-Proof With activated carbon filter Adjustable Headgear Nose wire Full Face Protection Masks",14.98,"2,951",-,https://amazon.com//Protection-Filtration-Dust-Proof-activated-Adjustable/dp/B089DNRJ1F/ref=sr_1_183?dchild=1&keywords=Masks&qid=1594841010&sr=8-183,2020-07-15 15:23:34
"Protective Covers with 4 Filter Sheet,Washable Reusable Protection Cover with 2 Breathing Valve-Black (1 Pack)",24.75,80,-,https://amazon.com//Protective-Washable-Protection-Breathing-Valve-Black/dp/B088T6RHM6/ref=sr_1_184?dchild=1&keywords=Masks&qid=1594841010&sr=8-184,2020-07-15 15:23:34
"CoolBELL Comfortable Mouth Cover (10PCS, 20PCS, 40PCS,50PCS, 60PCS, 100PCS)",17.99,445,-,https://amazon.com//CoolBELL-Comfortable-Mouth-20-PCS-3-Ply/dp/B086LDZMVS/ref=sr_1_185?dchild=1&keywords=Masks&qid=1594841010&sr=8-185,2020-07-15 15:23:34
"Fashion Protective, Unisex Black Dust Cotton, Washable, Reusable Cotton Fabric (5 pcs)",5.99,715,More Buying Choices,https://amazon.com//Fashion-Protective-Unisex-Washable-Reusable/dp/B088C3M9N6/ref=sr_1_186?dchild=1&keywords=Masks&qid=1594841010&sr=8-186,2020-07-15 15:23:34
KellyKessa 3-Ply Disposable Protection Cover (50Pack) (68-3PlyMask_50pack),21.99,114,-,https://amazon.com//KellyKessa-Disposable-Protection-50Pack-68-3PlyMask_50pack/dp/B0887RQQ93/ref=sr_1_187?dchild=1&keywords=Masks&qid=1594841010&sr=8-187,2020-07-15 15:23:34
Coolibar UPF 50+ Men's Women's Blackburn UV Mask - Sun Protective,24.00,9,-,https://amazon.com//Coolibar-UPF-Unisex-Mask-Protective/dp/B01F2INT66/ref=sr_1_188?dchild=1&keywords=Masks&qid=1594841010&sr=8-188,2020-07-15 15:23:34
"Children's Protective Disposable Face Bandanas, Cartoon Dinosaur Print, 3-Ply Ear Loop, 50PC (A 50pcs)",9.89,14,More Buying Choices,https://amazon.com//Childrens-Protective-Disposable-Bandanas-Dinosaur/dp/B08917VVSG/ref=sr_1_189?dchild=1&keywords=Masks&qid=1594841010&sr=8-189,2020-07-15 15:23:34
"PJ Masks, Volume 5",1.99,1,-,https://amazon.com//Meet-Armadylan-Invisible-Owlette/dp/B088P96DMS/ref=sr_1_190?dchild=1&keywords=Masks&qid=1594841010&sr=8-190,2020-07-15 15:23:34
Pack 3 Dust Face Protections - Reusable Cotton Comfy Breathable Material - for Outdoor Half Face Protections - Cute Face Protections for Women Man,15.99,272,($8.00/Count),https://amazon.com//Pack-Dust-Face-Protections-Breathable/dp/B086KTQWGB/ref=sr_1_191?dchild=1&keywords=Masks&qid=1594841010&sr=8-191,2020-07-15 15:23:34
Kids Face Mask 50pcs 3ply for Children Disposable Elastic String Youth Size,28.34,28,More Buying Choices,https://amazon.com//50pcs-Children-Disposable-Elastic-String/dp/B089NZKH6W/ref=sr_1_192?dchild=1&keywords=Masks&qid=1594841010&sr=8-192,2020-07-15 15:23:34
Face Masks - 50Pack - Comfortable to Wear,29.99,5,($0.60/Count),https://amazon.com//Face-Masks-50Pack-Comfortable-Wear/dp/B08B5R98PY/ref=sr_1_193?dchild=1&keywords=Masks&qid=1594841010&sr=8-193,2020-07-15 15:23:34
"Sfavereak 50pcs Disposable Face Mask 3 Layers Safety Masks With Elastic Ear Loop Comfortable for Blocking Dust Air Pollution Protection, 1count",19.99,454,More Buying Choices,https://amazon.com//Sfavereak-Disposable-Comfortable-Pollution-Protection/dp/B08725VTGK/ref=sr_1_194?dchild=1&keywords=Masks&qid=1594841010&sr=8-194,2020-07-15 15:23:34
Hanes Men’s Ultimate Cotton Heavyweight Pullover Hoodie Sweatshirt,12.00,"3,876",-,https://amazon.com//Hanes-Pullover-Ultimate-Heavyweight-Fleece/dp/B00JUMDZNI/ref=sr_1_195?dchild=1&keywords=Masks&qid=1594841010&sr=8-195,2020-07-15 15:23:34
"50 Pcs Disposable Face Mask - Anti-Dust Filter, Breathable, 3 Layers of Purifying",9.99,640,More Buying Choices,https://amazon.com//Pcs-Disposable-Face-Mask-Breathable/dp/B086DT2387/ref=sr_1_196?dchild=1&keywords=Masks&qid=1594841010&sr=8-196,2020-07-15 15:23:34
"3 Pack Unisex Washable Reusable Cotton Face Madks W/Valve-Filter C_over, 2B",32.99,43,-,https://amazon.com//Unisex-Washable-Reusable-Cotton-Valve-Filter/dp/B08BZJ1JX2/ref=sr_1_197?dchild=1&keywords=Masks&qid=1594841010&sr=8-197,2020-07-15 15:23:34
Bayside Face Mask (3 Pack)- Made in USA- 3 Ply Cloth Mask- Washable & Reusable- 18 Colors (Royal Blue),19.97,9,($6.66/Count),https://amazon.com//Bayside-Cloth-Washable-Reusable-Colors/dp/B088PD3566/ref=sr_1_198?dchild=1&keywords=Masks&qid=1594841010&sr=8-198,2020-07-15 15:23:34
"Dr. Talbot's Disposable Kid’s Face Mask for Health Protection by Dr. Talbot's, 10 Pack, Girl",9.93,106,-,https://amazon.com//Dr-Talbots-Disposable-Health-Protection/dp/B086K5Y8RP/ref=sr_1_199?dchild=1&keywords=Masks&qid=1594841010&sr=8-199,2020-07-15 15:23:34
"Facial Protection Filtration 95%, Anti-Fog, Dust-Proof Adjustable Headgear Full Face Protection Masks",17.99,221,($17.99/Count),https://amazon.com//Protection-Filtration-Anti-Fog-Dust-Proof-Adjustable/dp/B088CQGVMJ/ref=sr_1_200?dchild=1&keywords=Masks&qid=1594841010&sr=8-200,2020-07-15 15:23:34
FAYBOX 6pcs Magic Wide Wicking Headbands Outdoor Headwear Bandana Sports Scarf Tube UV Face Mask for Workout Yoga Running Hiking Riding Motorcycling,15.90,"2,113",-,https://amazon.com//FAYBOX-Wicking-Headbands-Outdoor-Headwear/dp/B077SQV1FX/ref=sr_1_201?dchild=1&keywords=Masks&qid=1594841010&sr=8-201,2020-07-15 15:23:34
"3 Pack Unisex Face Covering, Black Dust Cotton, Washable, Reusable Cloth-USA Seller",14.99,101,($5.00/Count),https://amazon.com//Unisex-Covering-Washable-Reusable-Cloth-USA/dp/B088D67Y7W/ref=sr_1_202?dchild=1&keywords=Masks&qid=1594841010&sr=8-202,2020-07-15 15:23:34
"1pcsDust_mask Reusable Respirators Unisex Mouth_mask Adjustable for Allergies Woodworking,Cycling,Outdoor Sports with 2 pcs Filter",7.99,0,($7.99/Count),https://amazon.com//gp/slredirect/picassoRedirect.html/ref=pa_sp_btf_aps_sr_pg4_1?ie=UTF8&adId=A07639073HNW82LDPMG0B&url=%2F1pcsDust_mask-Respirators-Mouth_mask-Adjustable-Woodworking%2Fdp%2FB08BTQ7LGZ%2Fref%3Dsr_1_203_sspa%3Fdchild%3D1%26keywords%3DMasks%26qid%3D1594841010%26sr%3D8-203-spons%26psc%3D1&qualifier=1594841012&id=7859270337589124&widgetName=sp_btf,2020-07-15 15:23:34
"2 PCS Washable Reusable Adjustable Cotton Face Madks, N2G",24.99,8,-,https://amazon.com//gp/slredirect/picassoRedirect.html/ref=pa_sp_btf_aps_sr_pg4_1?ie=UTF8&adId=A05171943VY2QL33D8MS&url=%2FWashable-Reusable-Adjustable-Cotton-Madks%2Fdp%2FB089SRKX5J%2Fref%3Dsr_1_204_sspa%3Fdchild%3D1%26keywords%3DMasks%26qid%3D1594841010%26sr%3D8-204-spons%26psc%3D1&qualifier=1594841012&id=7859270337589124&widgetName=sp_btf,2020-07-15 15:23:34
"Disposable Face Mask, ESOLOM 3-Ply Facial Cover Masks with Ear Loop, Breathable Non-Woven Mouth Cover for Personal, Suitable for Home, Office, Outdoor- 50 PCS",24.99,484,($0.50/Count),https://amazon.com//gp/slredirect/picassoRedirect.html/ref=pa_sp_atf_next_aps_sr_pg5_1?ie=UTF8&adId=A0904854ULFH0MJ7TEH7&url=%2FDisposable-ESOLOM-Breathable-Non-Woven-Personal%2Fdp%2FB086QLH269%2Fref%3Dsr_1_193_sspa%3Fdchild%3D1%26keywords%3DMasks%26qid%3D1594841012%26sr%3D8-193-spons%26psc%3D1&qualifier=1594841015&id=8536784688918732&widgetName=sp_atf_next,2020-07-15 15:23:35
"Disposable Face Masks, 3 Ply Facial Cover with Elastic Earloop, Pack of 50",29.99,42,($0.16/Gram),https://amazon.com//gp/slredirect/picassoRedirect.html/ref=pa_sp_atf_next_aps_sr_pg5_1?ie=UTF8&adId=A0158745JJR5XQQZRXXG&url=%2FDisposable-Masks-Facial-Elastic-Earloop%2Fdp%2FB089MBRVN2%2Fref%3Dsr_1_194_sspa%3Fdchild%3D1%26keywords%3DMasks%26qid%3D1594841012%26sr%3D8-194-spons%26psc%3D1&qualifier=1594841015&id=8536784688918732&widgetName=sp_atf_next,2020-07-15 15:23:35
Fashion Mouth Protection Unisex Washable and Reusable Cotton Warm Face Protection with Adjustable Bridge Design (3-Pack Black),15.69,"1,620",($5.23/Count),https://amazon.com//gp/slredirect/picassoRedirect.html/ref=pa_sp_atf_next_aps_sr_pg5_1?ie=UTF8&adId=A0521979322AJ7VAB2SAM&url=%2FFashion-Protection-Washable-Reusable-Adjustable%2Fdp%2FB0855PDTYG%2Fref%3Dsr_1_195_sspa%3Fdchild%3D1%26keywords%3DMasks%26qid%3D1594841012%26sr%3D8-195-spons%26psc%3D1&qualifier=1594841015&id=8536784688918732&widgetName=sp_atf_next,2020-07-15 15:23:35
50 Pcs Disposable Face Masks 3 Ply Safety Mask Protective Mouth Cover with Elastic Earloop for Dust Air Pollution Personal Protection Use Indoor Outdoor Home Office Travel,25.99,238,($0.52/Count),https://amazon.com//gp/slredirect/picassoRedirect.html/ref=pa_sp_atf_next_aps_sr_pg5_1?ie=UTF8&adId=A09171862UUELLCTAU7EI&url=%2FDisposable-Protective-Pollution-Personal-Protection%2Fdp%2FB086KKWTQ5%2Fref%3Dsr_1_196_sspa%3Fdchild%3D1%26keywords%3DMasks%26qid%3D1594841012%26sr%3D8-196-spons%26psc%3D1&qualifier=1594841015&id=8536784688918732&widgetName=sp_atf_next,2020-07-15 15:23:35
LRKC Women Mens Reusable Breathable Face Madks Outdoor Mouth Cover,21.99,11,-,https://amazon.com//gp/slredirect/picassoRedirect.html/ref=pa_sp_atf_next_aps_sr_pg6_1?ie=UTF8&adId=A06426731Q53HXKBRB13L&url=%2FLRKC-Unisex-Breathable-Breathbale-Washable%2Fdp%2FB089M9TKKS%2Fref%3Dsr_1_241_sspa%3Fdchild%3D1%26keywords%3DMasks%26qid%3D1594841015%26sr%3D8-241-spons%26psc%3D1&qualifier=1594841016&id=921906391283093&widgetName=sp_atf_next,2020-07-15 15:23:37
"Face Masks, 50 Pack, Comfortable to Wear",29.98,15,($0.60/Count),https://amazon.com//gp/slredirect/picassoRedirect.html/ref=pa_sp_atf_next_aps_sr_pg7_1?ie=UTF8&adId=A07924297P25AD40OZ7C&url=%2FFace-Masks-Pack-Comfortable-Wear%2Fdp%2FB0894R6TB6%2Fref%3Dsr_1_289_sspa%3Fdchild%3D1%26keywords%3DMasks%26qid%3D1594841016%26sr%3D8-289-spons%26psc%3D1&qualifier=1594841018&id=5056047162280745&widgetName=sp_atf_next,2020-07-15 15:23:39
Brand DISKA NuLife Disposable Face Mask (250pcs Pack),95.99,0,-,https://amazon.com//gp/slredirect/picassoRedirect.html/ref=pa_sp_atf_next_aps_sr_pg7_1?ie=UTF8&adId=A02250411TIC8CAWII9GZ&url=%2FBrand-DISKA-NuLife-Disposable-250pcs%2Fdp%2FB08CDW2RT4%2Fref%3Dsr_1_290_sspa%3Fdchild%3D1%26keywords%3DMasks%26qid%3D1594841016%26sr%3D8-290-spons%26psc%3D1&qualifier=1594841018&id=5056047162280745&widgetName=sp_atf_next,2020-07-15 15:23:39
"Pack of 50, Face Masks, FBA Delivery, Comfortable to wear",13.99,4,($0.28/Count),https://amazon.com//gp/slredirect/picassoRedirect.html/ref=pa_sp_atf_next_aps_sr_pg7_1?ie=UTF8&adId=A0815037GXW5TO0JOEPC&url=%2FPack-Face-Masks-Delivery-Comfortable%2Fdp%2FB089K6BJCH%2Fref%3Dsr_1_291_sspa%3Fdchild%3D1%26keywords%3DMasks%26qid%3D1594841016%26sr%3D8-291-spons%26psc%3D1&qualifier=1594841018&id=5056047162280745&widgetName=sp_atf_next,2020-07-15 15:23:39
"Tart Collections Reversible and Adjustable Face Mask, Comfortable, Soft Elastic Ear Loops, Washable and Reusable, Unisex, 95% Poly / 5% Spandex, Leopard",9.99,9,-,https://amazon.com//gp/slredirect/picassoRedirect.html/ref=pa_sp_atf_next_aps_sr_pg7_1?ie=UTF8&adId=A03025221JOLCEHJ34MWL&url=%2FTart-Collections-Reversible-Adjustable-Comfortable%2Fdp%2FB0897FDCV4%2Fref%3Dsr_1_292_sspa%3Fdchild%3D1%26keywords%3DMasks%26qid%3D1594841016%26sr%3D8-292-spons%26psc%3D1&qualifier=1594841018&id=5056047162280745&widgetName=sp_atf_next,2020-07-15 15:23:39
"Dre Health 3 Ply Disposable Face Masks, 20 Count - Made in The USA - Ear Loop Face Shields - Helps Filter Dust, Pollen - Latex Free, Glass Free Filter, Non Woven",22.98,65,($1.15/Count),https://amazon.com//Dre-Health-Disposable-Masks-Count/dp/B088KTHFC1/ref=sr_1_293?dchild=1&keywords=Masks&qid=1594841016&sr=8-293,2020-07-15 15:23:39
"3D Light Weight Unisex Adult Fashion Face Covering, Reusable, Dust Proof, Washable (Mix color set)",12.90,2,-,https://amazon.com//Weight-Fashion-Covering-Reusable-Washable/dp/B08BW56KD5/ref=sr_1_294?dchild=1&keywords=Masks&qid=1594841016&sr=8-294,2020-07-15 15:23:39
"Disposable Filter Masks, Eventronic 3 Ply Face Masks, For Home & Office(50 Pcs)",19.99,87,($0.40/Count),https://amazon.com//Disposable-Filter-Masks-Eventronic-Office/dp/B088PWFK5C/ref=sr_1_295?dchild=1&keywords=Masks&qid=1594841016&sr=8-295,2020-07-15 15:23:39
Merrytex Reusable Respirator Face Masks 3 Pack (High level filtration 3-layer construction),,17,-,https://amazon.com//Merrytex-Reusable-Respirator-filtration-construction/dp/B089YY1MMJ/ref=sr_1_296?dchild=1&keywords=Masks&qid=1594841016&sr=8-296,2020-07-15 15:23:39
LAmade Washable 2-Layer Reversible Mask (Little Kids/Big Kids),11.00,0,-,https://amazon.com//LAmade-Washable-2-Layer-Reversible-Little/dp/B088TKCFZ5/ref=sr_1_297?dchild=1&keywords=Masks&qid=1594841016&sr=8-297,2020-07-15 15:23:39
20PCS PCS Adult PM2.5 Activated Carbon Filter 5 Layers Replaceable Anti Haze Filter Paper (20PCS),12.98,126,-,https://amazon.com//Activated-Carbon-Filter-Layers-Replaceable/dp/B087N8BXVX/ref=sr_1_298?dchild=1&keywords=Masks&qid=1594841016&sr=8-298,2020-07-15 15:23:39
Buttonsmith Black Adult Cotton Face Mask with Filter Pocket - Two Layer Soft T-Shirt Material - Washable - Adult One Size - Made in The USA,14.99,506,($14.99/Count),https://amazon.com//Buttonsmith-M%C3%A1scara-algod%C3%B3n-blanco-negro/dp/B087NHMZB9/ref=sr_1_299?dchild=1&keywords=Masks&qid=1594841016&sr=8-299,2020-07-15 15:23:39
"Foot Peel Mask - 2 Pack - For Cracked Heels, Dead Skin & Calluses - Make Your Feet Baby Soft & Get a Smooth Skin, Removes & Repairs Rough Heels, Dry Toe Skin - Exfoliating Peeling Natural Treatment",29.99,"5,184",($15.00/Count),https://amazon.com//Pairs-Exfoliating-Foot-Peel-Mask/dp/B078WCTVV9/ref=sr_1_300?dchild=1&keywords=Masks&qid=1594841016&sr=8-300,2020-07-15 15:23:39
(20 Pack Pieces per Box) Craft & Soul Mattana Face Mask Cover Reusable Washable Comfortable Fabric Cloth,39.00,54,-,https://amazon.com//Craft-Soul-Reusable-Washable-Comfortable/dp/B08BBF28Q3/ref=sr_1_301?dchild=1&keywords=Masks&qid=1594841016&sr=8-301,2020-07-15 15:23:39
"50Pcs Face Mask Disposable Mask with Elastic Earloop, 3 Ply Breathable for Blocking Air Pollution Protection and Personal",22.99,55,-,https://amazon.com//Disposable-Breathable-Blocking-Pollution-Protection/dp/B089YRKQDM/ref=sr_1_302?dchild=1&keywords=Masks&qid=1594841016&sr=8-302,2020-07-15 15:23:39
"Guria Fashion Protective Cloth Face Mask, Washable Reusable Spandex Fabric - Unisex, 20+ Colors Available",9.99,50,($9.99/Count),https://amazon.com//Guria-Fashion-Protective-Washable-Reusable/dp/B086QN1L42/ref=sr_1_303?dchild=1&keywords=Masks&qid=1594841016&sr=8-303,2020-07-15 15:23:39
"SupplyAID RRS-DFM-50PK Disposable 3-Layer Face Mask, 3-Ply, 50 Count, Blue, White",29.98,77,($0.60/Count),https://amazon.com//SupplyAID-RRS-DFM-50PK-Disposable-3-Layer-3-Ply/dp/B0889HMHDF/ref=sr_1_304?dchild=1&keywords=Masks&qid=1594841016&sr=8-304,2020-07-15 15:23:39
2 Pack Face Madks Adjustable Strap 2 Layer Cloth Fabric Face Masc Reusable for Adults,16.99,3,-,https://amazon.com//gp/slredirect/picassoRedirect.html/ref=pa_sp_mtf_aps_sr_pg7_1?ie=UTF8&adId=A0063145249O9RZBWN65D&url=%2FMadks-Adjustable-Fabric-Reusable-Adults%2Fdp%2FB08CR87XMF%2Fref%3Dsr_1_305_sspa%3Fdchild%3D1%26keywords%3DMasks%26qid%3D1594841016%26sr%3D8-305-spons%26psc%3D1&qualifier=1594841018&id=5056047162280745&widgetName=sp_mtf,2020-07-15 15:23:39
"50 Pack Disposable Face Masks for Protection, with Nanofiber Filter Lining, 3 Ply Face Masks Breathable and Comfortable Shipping in USA",19.99,86,($0.40/Count),https://amazon.com//gp/slredirect/picassoRedirect.html/ref=pa_sp_mtf_aps_sr_pg7_1?ie=UTF8&adId=A06321501ITK4WJYAO3SQ&url=%2FDisposable-Protection-Nanofiber-Breathable-Comfortable%2Fdp%2FB087YWT6SM%2Fref%3Dsr_1_306_sspa%3Fdchild%3D1%26keywords%3DMasks%26qid%3D1594841016%26sr%3D8-306-spons%26psc%3D1&qualifier=1594841018&id=5056047162280745&widgetName=sp_mtf,2020-07-15 15:23:39
"Daily Face Cover Washable Double Layer Facial Cover, Made in USA…",36.99,100,-,https://amazon.com//gp/slredirect/picassoRedirect.html/ref=pa_sp_mtf_aps_sr_pg7_1?ie=UTF8&adId=A04085151DVZ23AGY4YLR&url=%2FFabric-reusable-Washable-Double-Facial%2Fdp%2FB087GWBNYH%2Fref%3Dsr_1_307_sspa%3Fdchild%3D1%26keywords%3DMasks%26qid%3D1594841016%26sr%3D8-307-spons%26psc%3D1&qualifier=1594841018&id=5056047162280745&widgetName=sp_mtf,2020-07-15 15:23:39
Coolibar UPF 50+ Men's Women's Vermilion UV Layered Mask - Sun Protective,29.00,6,-,https://amazon.com//Coolibar-UPF-Layered-Mask-Protective/dp/B07MQ6GVC5/ref=sr_1_308?dchild=1&keywords=Masks&qid=1594841016&sr=8-308,2020-07-15 15:23:39
20PCS Adult PM2.5 Activated Carbon Filter Insert 5 Layers Replaceable Anti Haze Masks Filter Paper,15.99,55,-,https://amazon.com//Activated-Carbon-Filter-Insert-Replaceable/dp/B088NHVLC2/ref=sr_1_309?dchild=1&keywords=Masks&qid=1594841016&sr=8-309,2020-07-15 15:23:39
"3-PLY Disposable Face Mask, Perfect Fit, 10 Packages of 10 Mask - 100 PACK",17.50,11,More Buying Choices,https://amazon.com//3-PLY-Disposable-Face-Perfect-Packages/dp/B0879JTRWZ/ref=sr_1_310?dchild=1&keywords=Masks&qid=1594841016&sr=8-310,2020-07-15 15:23:39
COOLINKO White Filter Face Cover 5-Layers with Earloop Band - Fashion Cotton Mouth Muffle Guard Head Accessory Mask (12 Masks),39.95,6,-,https://amazon.com//COOLINKO-White-Filter-5-Layers-Earloop/dp/B089NNCVG3/ref=sr_1_311?dchild=1&keywords=Masks&qid=1594841016&sr=8-311,2020-07-15 15:23:39
Weddingstar Washable Cloth Face Mask Reusable and Adjustable Protective Fabric Face Cover w/Dust Filter Pocket - Skull,13.99,4,($13.99/Count),https://amazon.com//Weddingstar-Washable-Reusable-Adjustable-Protective/dp/B08882PFY8/ref=sr_1_312?dchild=1&keywords=Masks&qid=1594841016&sr=8-312,2020-07-15 15:23:39
Reusable Fabric Face Mask Covering Unisex - Cute Print Cloth Comfy Washable Breathable Outdoor Mouth Shield Protection Men Women (Pointy/Ear Loop Dalmatian Black),13.99,37,-,https://amazon.com//Reusable-Fabric-Face-Covering-Unisex/dp/B0872K8T9B/ref=sr_1_313?dchild=1&keywords=Masks&qid=1594841016&sr=8-313,2020-07-15 15:23:39
"2 PCS Washable Reusable 2 Layers Breathable Face Madks Facial M_ask C-over, BG",17.99,2,-,https://amazon.com//gp/slredirect/picassoRedirect.html/ref=pa_sp_mtf_aps_sr_pg7_1?ie=UTF8&adId=A0266665119X9H9F0WEOF&url=%2FWashable-Reusable-Layers-Breathable-Facial%2Fdp%2FB089GR3P4R%2Fref%3Dsr_1_314_sspa%3Fdchild%3D1%26keywords%3DMasks%26qid%3D1594841016%26sr%3D8-314-spons%26psc%3D1&qualifier=1594841018&id=5056047162280745&widgetName=sp_mtf,2020-07-15 15:23:39
"3 PCS Washable Reusable Adjustable Cotton Face Madks, B2GB",32.99,87,-,https://amazon.com//gp/slredirect/picassoRedirect.html/ref=pa_sp_mtf_aps_sr_pg7_1?ie=UTF8&adId=A05164581R18ZFNMS2YNG&url=%2FWashable-Reusable-Adjustable-Cotton-Madks%2Fdp%2FB089SSR1TR%2Fref%3Dsr_1_315_sspa%3Fdchild%3D1%26keywords%3DMasks%26qid%3D1594841016%26sr%3D8-315-spons%26psc%3D1&qualifier=1594841018&id=5056047162280745&widgetName=sp_mtf,2020-07-15 15:23:39
"Unisex Cloth Fabric Face Madks Outdoors Sports Reusable Washable Adjustable Face Masc, 2 Pack_Grey",17.99,0,-,https://amazon.com//gp/slredirect/picassoRedirect.html/ref=pa_sp_mtf_aps_sr_pg7_1?ie=UTF8&adId=A05601514MIE36C00OF0&url=%2FOutdoors-Reusable-Washable-Adjustable-Pack_Grey%2Fdp%2FB08CK89N19%2Fref%3Dsr_1_316_sspa%3Fdchild%3D1%26keywords%3DMasks%26qid%3D1594841016%26sr%3D8-316-spons%26psc%3D1&qualifier=1594841018&id=5056047162280745&widgetName=sp_mtf,2020-07-15 15:23:39
2 PCS Pack Unisex Black 2 Ply Cloth Face Madks,14.99,1,-,https://amazon.com//gp/slredirect/picassoRedirect.html/ref=pa_sp_btf_aps_sr_pg7_1?ie=UTF8&adId=A0347634127W8ZKW4689W&url=%2FPack-Unisex-Black-Cloth-Madks%2Fdp%2FB08BR5VH99%2Fref%3Dsr_1_317_sspa%3Fdchild%3D1%26keywords%3DMasks%26qid%3D1594841016%26sr%3D8-317-spons%26psc%3D1&qualifier=1594841018&id=5056047162280745&widgetName=sp_btf,2020-07-15 15:23:39
"1 PCS Washable Reusable 2 Layers Breathable Face Madks Facial M_ask C-over, B",13.99,8,-,https://amazon.com//gp/slredirect/picassoRedirect.html/ref=pa_sp_btf_aps_sr_pg7_1?ie=UTF8&adId=A10195542JPOE7ZU7SH0W&url=%2FWashable-Reusable-Layers-Breathable-Facial%2Fdp%2FB089GRFKXN%2Fref%3Dsr_1_318_sspa%3Fdchild%3D1%26keywords%3DMasks%26qid%3D1594841016%26sr%3D8-318-spons%26psc%3D1&qualifier=1594841018&id=5056047162280745&widgetName=sp_btf,2020-07-15 15:23:39
